,ID,Name,LongName,Parent,McCC,CLOC,LLOC,Number of committers,Number of developer commits,Number of previous modifications,Number of previous fixes,Number of bugs
0,L812,DefaultConfigurationFactory.java,library/src/com/nostra13/universalimageloader/core/DefaultConfigurationFactory.java,L811,4,0,49,1,932,1,0,1
1,L813,DisplayBitmapTask.java,library/src/com/nostra13/universalimageloader/core/DisplayBitmapTask.java,L811,4,0,41,1,932,1,0,2
2,L814,DisplayImageOptions.java,library/src/com/nostra13/universalimageloader/core/DisplayImageOptions.java,L811,1,0,128,1,932,1,0,1
3,L815,ImageDecoder.java,library/src/com/nostra13/universalimageloader/core/ImageDecoder.java,L811,27,0,125,1,932,1,0,1
4,L816,ImageLoader.java,library/src/com/nostra13/universalimageloader/core/ImageLoader.java,L811,40,0,251,1,932,1,0,4
5,L817,ImageLoaderConfiguration.java,library/src/com/nostra13/universalimageloader/core/ImageLoaderConfiguration.java,L811,21,0,204,1,932,1,0,1
6,L818,ImageLoadingInfo.java,library/src/com/nostra13/universalimageloader/core/ImageLoadingInfo.java,L811,1,0,25,1,932,1,0,0
7,L819,LoadAndDisplayImageTask.java,library/src/com/nostra13/universalimageloader/core/LoadAndDisplayImageTask.java,L811,48,0,258,1,932,1,0,7
8,L2828,FileUtils.java,library/src/com/nostra13/universalimageloader/utils/FileUtils.java,L2827,3,0,19,1,932,1,0,0
9,L2829,L.java,library/src/com/nostra13/universalimageloader/utils/L.java,L2827,4,0,40,1,932,1,0,0
10,L2830,StorageUtils.java,library/src/com/nostra13/universalimageloader/utils/StorageUtils.java,L2827,12,0,56,1,932,1,0,3
11,L116,BaseDiscCache.java,library/src/com/nostra13/universalimageloader/cache/disc/BaseDiscCache.java,L115,3,0,32,1,932,1,0,0
12,L117,DiscCacheAware.java,library/src/com/nostra13/universalimageloader/cache/disc/DiscCacheAware.java,L115,1,0,7,1,932,1,0,0
13,L118,LimitedDiscCache.java,library/src/com/nostra13/universalimageloader/cache/disc/LimitedDiscCache.java,L115,9,0,86,1,932,1,0,2
14,L416,BaseMemoryCache.java,library/src/com/nostra13/universalimageloader/cache/memory/BaseMemoryCache.java,L415,2,0,36,1,932,1,0,2
15,L417,LimitedMemoryCache.java,library/src/com/nostra13/universalimageloader/cache/memory/LimitedMemoryCache.java,L415,7,0,58,1,932,1,0,1
16,L418,MemoryCacheAware.java,library/src/com/nostra13/universalimageloader/cache/memory/MemoryCacheAware.java,L415,1,0,9,1,932,1,0,0
17,L822,FailReason.java,library/src/com/nostra13/universalimageloader/core/assist/FailReason.java,L821,1,0,4,1,932,1,0,0
18,L823,FlushedInputStream.java,library/src/com/nostra13/universalimageloader/core/assist/FlushedInputStream.java,L821,4,0,26,1,932,1,0,0
19,L824,ImageLoadingListener.java,library/src/com/nostra13/universalimageloader/core/assist/ImageLoadingListener.java,L821,1,0,9,1,932,1,0,0
20,L825,ImageScaleType.java,library/src/com/nostra13/universalimageloader/core/assist/ImageScaleType.java,L821,1,0,15,1,932,1,0,0
21,L826,ImageSize.java,library/src/com/nostra13/universalimageloader/core/assist/ImageSize.java,L821,1,0,20,1,932,1,0,0
22,L827,MemoryCacheUtil.java,library/src/com/nostra13/universalimageloader/core/assist/MemoryCacheUtil.java,L821,8,0,55,1,932,1,0,0
23,L828,PauseOnScrollListener.java,library/src/com/nostra13/universalimageloader/core/assist/PauseOnScrollListener.java,L821,8,0,46,1,932,1,0,1
24,L829,QueueProcessingType.java,library/src/com/nostra13/universalimageloader/core/assist/QueueProcessingType.java,L821,1,0,4,1,932,1,0,0
25,L830,SimpleImageLoadingListener.java,library/src/com/nostra13/universalimageloader/core/assist/SimpleImageLoadingListener.java,L821,1,0,16,1,932,1,0,0
26,L831,ViewScaleType.java,library/src/com/nostra13/universalimageloader/core/assist/ViewScaleType.java,L821,9,0,22,1,932,1,0,0
27,L1779,BitmapDisplayer.java,library/src/com/nostra13/universalimageloader/core/display/BitmapDisplayer.java,L1778,1,0,6,1,932,1,0,0
28,L1780,FadeInBitmapDisplayer.java,library/src/com/nostra13/universalimageloader/core/display/FadeInBitmapDisplayer.java,L1778,1,0,20,1,932,1,0,0
29,L1781,FakeBitmapDisplayer.java,library/src/com/nostra13/universalimageloader/core/display/FakeBitmapDisplayer.java,L1778,1,0,11,1,932,1,0,0
30,L1782,RoundedBitmapDisplayer.java,library/src/com/nostra13/universalimageloader/core/display/RoundedBitmapDisplayer.java,L1778,2,0,43,1,932,1,0,2
31,L1783,SimpleBitmapDisplayer.java,library/src/com/nostra13/universalimageloader/core/display/SimpleBitmapDisplayer.java,L1778,1,0,10,1,932,1,0,0
32,L2041,HttpClientImageDownloader.java,library/src/com/nostra13/universalimageloader/core/download/HttpClientImageDownloader.java,L2040,1,0,23,1,932,1,0,1
33,L2042,ImageDownloader.java,library/src/com/nostra13/universalimageloader/core/download/ImageDownloader.java,L2040,5,0,29,1,932,1,0,1
34,L2043,URLConnectionImageDownloader.java,library/src/com/nostra13/universalimageloader/core/download/URLConnectionImageDownloader.java,L2040,1,0,27,1,932,1,0,0
35,L182,FileCountLimitedDiscCache.java,library/src/com/nostra13/universalimageloader/cache/disc/impl/FileCountLimitedDiscCache.java,L181,1,0,17,1,932,1,0,0
36,L183,LimitedAgeDiscCache.java,library/src/com/nostra13/universalimageloader/cache/disc/impl/LimitedAgeDiscCache.java,L181,5,0,47,2,1,2,1,1
37,L184,TotalSizeLimitedDiscCache.java,library/src/com/nostra13/universalimageloader/cache/disc/impl/TotalSizeLimitedDiscCache.java,L181,2,0,23,1,932,1,0,0
38,L185,UnlimitedDiscCache.java,library/src/com/nostra13/universalimageloader/cache/disc/impl/UnlimitedDiscCache.java,L181,1,0,17,1,932,1,0,0
39,L358,FileNameGenerator.java,library/src/com/nostra13/universalimageloader/cache/disc/naming/FileNameGenerator.java,L357,1,0,4,1,932,1,0,0
40,L359,HashCodeFileNameGenerator.java,library/src/com/nostra13/universalimageloader/cache/disc/naming/HashCodeFileNameGenerator.java,L357,1,0,7,1,932,1,0,0
41,L360,Md5FileNameGenerator.java,library/src/com/nostra13/universalimageloader/cache/disc/naming/Md5FileNameGenerator.java,L357,2,0,26,1,932,1,0,0
42,L477,FIFOLimitedMemoryCache.java,library/src/com/nostra13/universalimageloader/cache/memory/impl/FIFOLimitedMemoryCache.java,L476,3,0,48,1,932,1,0,0
43,L478,FuzzyKeyMemoryCache.java,library/src/com/nostra13/universalimageloader/cache/memory/impl/FuzzyKeyMemoryCache.java,L476,3,0,41,1,932,1,0,0
44,L479,LargestLimitedMemoryCache.java,library/src/com/nostra13/universalimageloader/cache/memory/impl/LargestLimitedMemoryCache.java,L476,6,0,68,1,932,1,0,0
45,L480,LimitedAgeMemoryCache.java,library/src/com/nostra13/universalimageloader/cache/memory/impl/LimitedAgeMemoryCache.java,L476,4,0,46,1,932,1,0,0
46,L481,LRULimitedMemoryCache.java,library/src/com/nostra13/universalimageloader/cache/memory/impl/LRULimitedMemoryCache.java,L476,3,0,63,1,932,1,0,0
47,L482,UsingFreqLimitedMemoryCache.java,library/src/com/nostra13/universalimageloader/cache/memory/impl/UsingFreqLimitedMemoryCache.java,L476,8,0,79,1,932,1,0,0
48,L483,WeakMemoryCache.java,library/src/com/nostra13/universalimageloader/cache/memory/impl/WeakMemoryCache.java,L476,1,0,11,1,932,1,0,0
49,L834,BlockingDeque.java,library/src/com/nostra13/universalimageloader/core/assist/deque/BlockingDeque.java,L833,1,0,42,1,932,1,0,0
50,L835,Deque.java,library/src/com/nostra13/universalimageloader/core/assist/deque/Deque.java,L833,1,0,36,1,932,1,0,0
51,L836,LIFOLinkedBlockingDeque.java,library/src/com/nostra13/universalimageloader/core/assist/deque/LIFOLinkedBlockingDeque.java,L833,1,0,13,1,932,1,0,0
52,L837,LinkedBlockingDeque.java,library/src/com/nostra13/universalimageloader/core/assist/deque/LinkedBlockingDeque.java,L833,74,0,632,1,932,1,0,0
53,L2919,BaseActivity.java,sample/src/com/nostra13/example/universalimageloader/BaseActivity.java,L2918,4,0,39,1,932,2,0,0
54,L2920,Constants.java,sample/src/com/nostra13/example/universalimageloader/Constants.java,L2918,1,0,85,1,932,1,0,0
55,L2921,HomeActivity.java,sample/src/com/nostra13/example/universalimageloader/HomeActivity.java,L2918,1,0,33,1,932,1,0,0
56,L2922,ImageGalleryActivity.java,sample/src/com/nostra13/example/universalimageloader/ImageGalleryActivity.java,L2918,2,0,60,1,932,1,0,0
57,L2923,ImageGridActivity.java,sample/src/com/nostra13/example/universalimageloader/ImageGridActivity.java,L2918,2,0,72,1,932,1,0,1
58,L2924,ImageListActivity.java,sample/src/com/nostra13/example/universalimageloader/ImageListActivity.java,L2918,2,0,82,1,932,1,0,1
59,L2925,ImagePagerActivity.java,sample/src/com/nostra13/example/universalimageloader/ImagePagerActivity.java,L2918,6,0,117,1,932,1,0,0
60,L2926,UILApplication.java,sample/src/com/nostra13/example/universalimageloader/UILApplication.java,L2918,1,0,23,1,932,1,0,0
61,L2976,ExtendedImageDownloader.java,sample/src/com/nostra13/example/universalimageloader/downloader/ExtendedImageDownloader.java,L2975,3,0,45,1,932,1,0,0
62,L3368,UILWidgetProvider.java,sample/src/com/nostra13/example/universalimageloader/widget/UILWidgetProvider.java,L3367,2,0,52,1,932,1,0,0
63,L112,R.java,library/test-gen/com/nostra13/universalimageloader/R.java,L111,1,0,19,1,932,1,0,0
64,L924,DefaultConfigurationFactory.java,library/src/com/nostra13/universalimageloader/core/DefaultConfigurationFactory.java,L923,10,0,98,1,932,13,1,1
65,L925,DisplayBitmapTask.java,library/src/com/nostra13/universalimageloader/core/DisplayBitmapTask.java,L923,6,0,54,1,932,13,2,1
66,L926,DisplayImageOptions.java,library/src/com/nostra13/universalimageloader/core/DisplayImageOptions.java,L923,5,0,221,2,932,18,1,1
67,L927,ImageLoader.java,library/src/com/nostra13/universalimageloader/core/ImageLoader.java,L923,23,0,192,3,932,36,4,2
68,L928,ImageLoaderConfiguration.java,library/src/com/nostra13/universalimageloader/core/ImageLoaderConfiguration.java,L923,40,0,284,2,932,26,1,1
69,L929,ImageLoaderEngine.java,library/src/com/nostra13/universalimageloader/core/ImageLoaderEngine.java,L923,9,0,112,1,932,13,2,1
70,L930,ImageLoadingInfo.java,library/src/com/nostra13/universalimageloader/core/ImageLoadingInfo.java,L923,1,0,26,1,932,8,0,1
71,L931,LoadAndDisplayImageTask.java,library/src/com/nostra13/universalimageloader/core/LoadAndDisplayImageTask.java,L923,64,0,337,1,932,40,7,2
72,L932,ProcessAndDisplayImageTask.java,library/src/com/nostra13/universalimageloader/core/ProcessAndDisplayImageTask.java,L923,2,0,27,1,932,9,2,0
73,L3741,ImageSizeUtils.java,library/src/com/nostra13/universalimageloader/utils/ImageSizeUtils.java,L3740,37,0,100,2,932,5,0,1
74,L3742,IoUtils.java,library/src/com/nostra13/universalimageloader/utils/IoUtils.java,L3740,4,0,26,1,932,6,0,0
75,L3743,L.java,library/src/com/nostra13/universalimageloader/utils/L.java,L3740,5,0,48,1,932,6,0,0
76,L3744,StorageUtils.java,library/src/com/nostra13/universalimageloader/utils/StorageUtils.java,L3740,15,0,66,2,932,12,3,2
77,L121,BaseDiscCache.java,library/src/com/nostra13/universalimageloader/cache/disc/BaseDiscCache.java,L120,5,0,36,2,932,9,0,0
78,L122,DiscCacheAware.java,library/src/com/nostra13/universalimageloader/cache/disc/DiscCacheAware.java,L120,1,0,7,1,932,6,0,0
79,L123,LimitedDiscCache.java,library/src/com/nostra13/universalimageloader/cache/disc/LimitedDiscCache.java,L120,12,0,104,2,932,13,2,0
80,L456,BaseMemoryCache.java,library/src/com/nostra13/universalimageloader/cache/memory/BaseMemoryCache.java,L455,2,0,35,1,932,7,2,0
81,L457,LimitedMemoryCache.java,library/src/com/nostra13/universalimageloader/cache/memory/LimitedMemoryCache.java,L455,7,0,61,1,932,8,1,0
82,L458,MemoryCacheAware.java,library/src/com/nostra13/universalimageloader/cache/memory/MemoryCacheAware.java,L455,1,0,9,1,932,5,0,0
83,L935,DiscCacheUtil.java,library/src/com/nostra13/universalimageloader/core/assist/DiscCacheUtil.java,L934,2,0,15,1,932,5,0,0
84,L936,FailReason.java,library/src/com/nostra13/universalimageloader/core/assist/FailReason.java,L934,1,0,22,1,932,7,0,0
85,L937,FlushedInputStream.java,library/src/com/nostra13/universalimageloader/core/assist/FlushedInputStream.java,L934,4,0,26,1,932,3,0,0
86,L938,ImageLoadingListener.java,library/src/com/nostra13/universalimageloader/core/assist/ImageLoadingListener.java,L934,1,0,9,1,932,8,0,0
87,L939,ImageScaleType.java,library/src/com/nostra13/universalimageloader/core/assist/ImageScaleType.java,L934,1,0,8,1,932,6,0,0
88,L940,ImageSize.java,library/src/com/nostra13/universalimageloader/core/assist/ImageSize.java,L934,2,0,36,1,932,8,0,0
89,L941,LoadedFrom.java,library/src/com/nostra13/universalimageloader/core/assist/LoadedFrom.java,L934,1,0,4,1,932,2,0,0
90,L942,MemoryCacheUtil.java,library/src/com/nostra13/universalimageloader/core/assist/MemoryCacheUtil.java,L934,8,0,55,1,932,8,0,0
91,L943,PauseOnScrollListener.java,library/src/com/nostra13/universalimageloader/core/assist/PauseOnScrollListener.java,L934,8,0,48,1,932,5,1,0
92,L944,QueueProcessingType.java,library/src/com/nostra13/universalimageloader/core/assist/QueueProcessingType.java,L934,1,0,4,1,932,5,0,0
93,L945,SimpleImageLoadingListener.java,library/src/com/nostra13/universalimageloader/core/assist/SimpleImageLoadingListener.java,L934,1,0,17,1,932,6,0,0
94,L946,ViewScaleType.java,library/src/com/nostra13/universalimageloader/core/assist/ViewScaleType.java,L934,9,0,22,1,932,6,0,0
95,L1987,BaseImageDecoder.java,library/src/com/nostra13/universalimageloader/core/decode/BaseImageDecoder.java,L1986,25,0,158,1,932,4,0,2
96,L1988,ImageDecoder.java,library/src/com/nostra13/universalimageloader/core/decode/ImageDecoder.java,L1986,1,0,6,1,932,3,0,0
97,L1989,ImageDecodingInfo.java,library/src/com/nostra13/universalimageloader/core/decode/ImageDecodingInfo.java,L1986,3,0,79,1,932,2,0,0
98,L2414,BitmapDisplayer.java,library/src/com/nostra13/universalimageloader/core/display/BitmapDisplayer.java,L2413,1,0,7,1,932,8,0,1
99,L2415,FadeInBitmapDisplayer.java,library/src/com/nostra13/universalimageloader/core/display/FadeInBitmapDisplayer.java,L2413,1,0,24,1,932,7,0,1
100,L2416,FakeBitmapDisplayer.java,library/src/com/nostra13/universalimageloader/core/display/FakeBitmapDisplayer.java,L2413,1,0,12,1,932,7,0,1
101,L2417,RoundedBitmapDisplayer.java,library/src/com/nostra13/universalimageloader/core/display/RoundedBitmapDisplayer.java,L2413,15,0,123,1,932,11,3,2
102,L2418,SimpleBitmapDisplayer.java,library/src/com/nostra13/universalimageloader/core/display/SimpleBitmapDisplayer.java,L2413,1,0,11,1,932,6,0,1
103,L2769,BaseImageDownloader.java,library/src/com/nostra13/universalimageloader/core/download/BaseImageDownloader.java,L2768,10,0,94,1,932,15,2,0
104,L2770,HttpClientImageDownloader.java,library/src/com/nostra13/universalimageloader/core/download/HttpClientImageDownloader.java,L2768,1,0,24,1,932,6,1,0
105,L2771,ImageDownloader.java,library/src/com/nostra13/universalimageloader/core/download/ImageDownloader.java,L2768,5,0,38,1,932,13,1,1
106,L2772,NetworkDeniedImageDownloader.java,library/src/com/nostra13/universalimageloader/core/download/NetworkDeniedImageDownloader.java,L2768,3,0,19,1,932,6,1,0
107,L2773,SlowNetworkImageDownloader.java,library/src/com/nostra13/universalimageloader/core/download/SlowNetworkImageDownloader.java,L2768,3,0,21,1,932,4,1,0
108,L3719,BitmapProcessor.java,library/src/com/nostra13/universalimageloader/core/process/BitmapProcessor.java,L3718,1,0,6,1,932,7,0,0
109,L195,FileCountLimitedDiscCache.java,library/src/com/nostra13/universalimageloader/cache/disc/impl/FileCountLimitedDiscCache.java,L194,1,0,17,1,932,6,0,0
110,L196,LimitedAgeDiscCache.java,library/src/com/nostra13/universalimageloader/cache/disc/impl/LimitedAgeDiscCache.java,L194,5,0,46,2,932,8,2,0
111,L197,TotalSizeLimitedDiscCache.java,library/src/com/nostra13/universalimageloader/cache/disc/impl/TotalSizeLimitedDiscCache.java,L194,2,0,23,1,932,6,0,0
112,L198,UnlimitedDiscCache.java,library/src/com/nostra13/universalimageloader/cache/disc/impl/UnlimitedDiscCache.java,L194,1,0,17,1,932,7,0,0
113,L398,FileNameGenerator.java,library/src/com/nostra13/universalimageloader/cache/disc/naming/FileNameGenerator.java,L397,1,0,4,1,932,5,0,0
114,L399,HashCodeFileNameGenerator.java,library/src/com/nostra13/universalimageloader/cache/disc/naming/HashCodeFileNameGenerator.java,L397,1,0,7,1,932,5,0,0
115,L400,Md5FileNameGenerator.java,library/src/com/nostra13/universalimageloader/cache/disc/naming/Md5FileNameGenerator.java,L397,2,0,26,1,932,5,0,0
116,L522,FIFOLimitedMemoryCache.java,library/src/com/nostra13/universalimageloader/cache/memory/impl/FIFOLimitedMemoryCache.java,L521,3,0,48,1,932,6,0,0
117,L523,FuzzyKeyMemoryCache.java,library/src/com/nostra13/universalimageloader/cache/memory/impl/FuzzyKeyMemoryCache.java,L521,4,0,44,1,932,7,0,0
118,L524,LargestLimitedMemoryCache.java,library/src/com/nostra13/universalimageloader/cache/memory/impl/LargestLimitedMemoryCache.java,L521,6,0,68,1,932,6,0,0
119,L525,LimitedAgeMemoryCache.java,library/src/com/nostra13/universalimageloader/cache/memory/impl/LimitedAgeMemoryCache.java,L521,4,0,46,1,932,5,0,0
120,L526,LRULimitedMemoryCache.java,library/src/com/nostra13/universalimageloader/cache/memory/impl/LRULimitedMemoryCache.java,L521,3,0,63,1,932,6,0,0
121,L527,LruMemoryCache.java,library/src/com/nostra13/universalimageloader/cache/memory/impl/LruMemoryCache.java,L521,15,0,94,1,932,5,1,0
122,L528,UsingFreqLimitedMemoryCache.java,library/src/com/nostra13/universalimageloader/cache/memory/impl/UsingFreqLimitedMemoryCache.java,L521,8,0,79,1,932,6,0,0
123,L529,WeakMemoryCache.java,library/src/com/nostra13/universalimageloader/cache/memory/impl/WeakMemoryCache.java,L521,1,0,11,1,932,6,0,0
124,L956,BlockingDeque.java,library/src/com/nostra13/universalimageloader/core/assist/deque/BlockingDeque.java,L955,1,0,42,1,932,1,0,0
125,L957,Deque.java,library/src/com/nostra13/universalimageloader/core/assist/deque/Deque.java,L955,1,0,36,1,932,1,0,0
126,L958,LIFOLinkedBlockingDeque.java,library/src/com/nostra13/universalimageloader/core/assist/deque/LIFOLinkedBlockingDeque.java,L955,1,0,13,1,932,2,0,0
127,L959,LinkedBlockingDeque.java,library/src/com/nostra13/universalimageloader/core/assist/deque/LinkedBlockingDeque.java,L955,74,0,632,1,932,1,0,0
128,L953,ImageSizeTest.java,library/test/com/nostra13/universalimageloader/core/assist/ImageSizeTest.java,L952,1,0,72,1,932,1,0,0
129,L2775,BaseImageDownloaderTest.java,library/test/com/nostra13/universalimageloader/core/download/BaseImageDownloaderTest.java,L2774,1,0,58,1,932,1,0,0
130,L3912,AbsListViewBaseActivity.java,sample/src/com/nostra13/example/universalimageloader/AbsListViewBaseActivity.java,L3911,3,0,58,1,932,1,0,0
131,L3913,BaseActivity.java,sample/src/com/nostra13/example/universalimageloader/BaseActivity.java,L3911,3,0,26,1,932,4,0,0
132,L3914,Constants.java,sample/src/com/nostra13/example/universalimageloader/Constants.java,L3911,1,0,89,1,932,9,0,0
133,L3915,HomeActivity.java,sample/src/com/nostra13/example/universalimageloader/HomeActivity.java,L3911,4,0,72,1,932,6,0,0
134,L3916,ImageGalleryActivity.java,sample/src/com/nostra13/example/universalimageloader/ImageGalleryActivity.java,L3911,2,0,69,1,932,7,0,0
135,L3917,ImageGridActivity.java,sample/src/com/nostra13/example/universalimageloader/ImageGridActivity.java,L3911,2,0,71,1,932,9,1,0
136,L3918,ImageListActivity.java,sample/src/com/nostra13/example/universalimageloader/ImageListActivity.java,L3911,4,0,109,1,932,16,1,0
137,L3919,ImagePagerActivity.java,sample/src/com/nostra13/example/universalimageloader/ImagePagerActivity.java,L3911,7,0,123,1,932,13,0,0
138,L3920,UILApplication.java,sample/src/com/nostra13/example/universalimageloader/UILApplication.java,L3911,3,0,34,1,932,12,0,0
139,L4434,UILWidgetProvider.java,sample/src/com/nostra13/example/universalimageloader/widget/UILWidgetProvider.java,L4433,2,0,48,1,932,6,0,0
141,L926,DefaultConfigurationFactory.java,library/src/com/nostra13/universalimageloader/core/DefaultConfigurationFactory.java,L925,9,0,95,1,932,19,2,0
142,L927,DisplayBitmapTask.java,library/src/com/nostra13/universalimageloader/core/DisplayBitmapTask.java,L925,6,0,53,1,932,18,3,0
143,L928,DisplayImageOptions.java,library/src/com/nostra13/universalimageloader/core/DisplayImageOptions.java,L925,13,0,285,3,932,30,2,0
144,L929,ImageLoader.java,library/src/com/nostra13/universalimageloader/core/ImageLoader.java,L925,25,0,251,3,932,52,6,0
145,L930,ImageLoaderConfiguration.java,library/src/com/nostra13/universalimageloader/core/ImageLoaderConfiguration.java,L925,42,0,309,2,932,30,2,0
146,L931,ImageLoaderEngine.java,library/src/com/nostra13/universalimageloader/core/ImageLoaderEngine.java,L925,9,0,120,1,932,19,3,0
147,L932,ImageLoadingInfo.java,library/src/com/nostra13/universalimageloader/core/ImageLoadingInfo.java,L925,1,0,29,1,932,15,1,0
148,L933,LoadAndDisplayImageTask.java,library/src/com/nostra13/universalimageloader/core/LoadAndDisplayImageTask.java,L925,70,0,399,2,932,62,9,0
149,L934,ProcessAndDisplayImageTask.java,library/src/com/nostra13/universalimageloader/core/ProcessAndDisplayImageTask.java,L925,3,0,34,1,932,12,2,0
150,L4183,ImageSizeUtils.java,library/src/com/nostra13/universalimageloader/utils/ImageSizeUtils.java,L4182,22,0,96,2,932,9,1,1
151,L4184,IoUtils.java,library/src/com/nostra13/universalimageloader/utils/IoUtils.java,L4182,8,0,48,1,932,14,0,0
152,L4185,L.java,library/src/com/nostra13/universalimageloader/utils/L.java,L4182,5,0,48,1,932,6,0,0
153,L4186,StorageUtils.java,library/src/com/nostra13/universalimageloader/utils/StorageUtils.java,L4182,16,0,72,2,932,16,5,0
154,L121,BaseDiscCache.java,library/src/com/nostra13/universalimageloader/cache/disc/BaseDiscCache.java,L120,5,0,36,2,932,12,0,0
155,L122,DiscCacheAware.java,library/src/com/nostra13/universalimageloader/cache/disc/DiscCacheAware.java,L120,1,0,7,1,932,9,0,0
156,L123,LimitedDiscCache.java,library/src/com/nostra13/universalimageloader/cache/disc/LimitedDiscCache.java,L120,12,0,104,2,932,16,2,0
160,L937,ContentLengthInputStream.java,library/src/com/nostra13/universalimageloader/core/assist/ContentLengthInputStream.java,L936,1,0,49,1,932,3,0,0
161,L938,DiscCacheUtil.java,library/src/com/nostra13/universalimageloader/core/assist/DiscCacheUtil.java,L936,2,0,15,1,932,9,0,0
162,L939,FailReason.java,library/src/com/nostra13/universalimageloader/core/assist/FailReason.java,L936,1,0,22,1,932,7,0,0
163,L940,FlushedInputStream.java,library/src/com/nostra13/universalimageloader/core/assist/FlushedInputStream.java,L936,4,0,26,1,932,3,0,0
164,L941,ImageLoadingListener.java,library/src/com/nostra13/universalimageloader/core/assist/ImageLoadingListener.java,L936,1,0,9,1,932,8,0,0
165,L942,ImageLoadingProgressListener.java,library/src/com/nostra13/universalimageloader/core/assist/ImageLoadingProgressListener.java,L936,1,0,5,1,932,3,0,0
166,L943,ImageScaleType.java,library/src/com/nostra13/universalimageloader/core/assist/ImageScaleType.java,L936,1,0,8,1,932,6,0,0
167,L944,ImageSize.java,library/src/com/nostra13/universalimageloader/core/assist/ImageSize.java,L936,2,0,36,1,932,8,0,0
168,L945,LoadedFrom.java,library/src/com/nostra13/universalimageloader/core/assist/LoadedFrom.java,L936,1,0,4,1,932,2,0,0
169,L946,MemoryCacheUtil.java,library/src/com/nostra13/universalimageloader/core/assist/MemoryCacheUtil.java,L936,8,0,55,1,932,8,0,0
170,L947,PauseOnScrollListener.java,library/src/com/nostra13/universalimageloader/core/assist/PauseOnScrollListener.java,L936,8,0,48,1,932,5,1,0
171,L948,QueueProcessingType.java,library/src/com/nostra13/universalimageloader/core/assist/QueueProcessingType.java,L936,1,0,4,1,932,5,0,0
172,L949,SimpleImageLoadingListener.java,library/src/com/nostra13/universalimageloader/core/assist/SimpleImageLoadingListener.java,L936,1,0,17,1,932,6,0,0
173,L950,SyncImageLoadingListener.java,library/src/com/nostra13/universalimageloader/core/assist/SyncImageLoadingListener.java,L936,1,0,13,1,932,2,0,0
174,L951,ViewScaleType.java,library/src/com/nostra13/universalimageloader/core/assist/ViewScaleType.java,L936,9,0,22,1,932,8,0,0
175,L2060,BaseImageDecoder.java,library/src/com/nostra13/universalimageloader/core/decode/BaseImageDecoder.java,L2059,28,0,176,1,932,17,3,0
176,L2061,ImageDecoder.java,library/src/com/nostra13/universalimageloader/core/decode/ImageDecoder.java,L2059,1,0,6,1,932,3,0,0
177,L2062,ImageDecodingInfo.java,library/src/com/nostra13/universalimageloader/core/decode/ImageDecodingInfo.java,L2059,3,0,85,1,932,4,0,0
178,L2492,BitmapDisplayer.java,library/src/com/nostra13/universalimageloader/core/display/BitmapDisplayer.java,L2491,1,0,7,1,932,12,1,0
179,L2493,FadeInBitmapDisplayer.java,library/src/com/nostra13/universalimageloader/core/display/FadeInBitmapDisplayer.java,L2491,8,0,41,2,932,14,1,0
180,L2494,RoundedBitmapDisplayer.java,library/src/com/nostra13/universalimageloader/core/display/RoundedBitmapDisplayer.java,L2491,2,0,60,1,932,16,5,0
181,L2495,RoundedVignetteBitmapDisplayer.java,library/src/com/nostra13/universalimageloader/core/display/RoundedVignetteBitmapDisplayer.java,L2491,2,0,34,1,932,3,0,0
182,L2496,SimpleBitmapDisplayer.java,library/src/com/nostra13/universalimageloader/core/display/SimpleBitmapDisplayer.java,L2491,1,0,10,1,932,10,1,0
183,L2968,BaseImageDownloader.java,library/src/com/nostra13/universalimageloader/core/download/BaseImageDownloader.java,L2967,10,0,97,1,932,19,2,0
184,L2969,HttpClientImageDownloader.java,library/src/com/nostra13/universalimageloader/core/download/HttpClientImageDownloader.java,L2967,1,0,24,1,932,6,1,0
185,L2970,ImageDownloader.java,library/src/com/nostra13/universalimageloader/core/download/ImageDownloader.java,L2967,5,0,39,2,932,18,2,0
186,L2971,NetworkDeniedImageDownloader.java,library/src/com/nostra13/universalimageloader/core/download/NetworkDeniedImageDownloader.java,L2967,3,0,19,1,932,6,1,0
187,L2972,SlowNetworkImageDownloader.java,library/src/com/nostra13/universalimageloader/core/download/SlowNetworkImageDownloader.java,L2967,3,0,21,1,932,4,1,0
188,L3222,ImageAware.java,library/src/com/nostra13/universalimageloader/core/imageaware/ImageAware.java,L3221,1,0,15,1,932,6,1,0
189,L3223,ImageNonViewAware.java,library/src/com/nostra13/universalimageloader/core/imageaware/ImageNonViewAware.java,L3221,2,0,52,1,932,4,1,0
190,L3224,ImageViewAware.java,library/src/com/nostra13/universalimageloader/core/imageaware/ImageViewAware.java,L3221,22,0,104,2,932,11,1,0
191,L4162,BitmapProcessor.java,library/src/com/nostra13/universalimageloader/core/process/BitmapProcessor.java,L4161,1,0,6,1,932,7,0,0
193,L196,LimitedAgeDiscCache.java,library/src/com/nostra13/universalimageloader/cache/disc/impl/LimitedAgeDiscCache.java,L194,5,0,46,2,932,11,2,0
195,L198,UnlimitedDiscCache.java,library/src/com/nostra13/universalimageloader/cache/disc/impl/UnlimitedDiscCache.java,L194,1,0,17,1,932,11,0,0
201,L524,LargestLimitedMemoryCache.java,library/src/com/nostra13/universalimageloader/cache/memory/impl/LargestLimitedMemoryCache.java,L521,6,0,68,2,932,9,0,0
207,L1007,BlockingDeque.java,library/src/com/nostra13/universalimageloader/core/assist/deque/BlockingDeque.java,L1006,1,0,42,1,932,1,0,0
208,L1008,Deque.java,library/src/com/nostra13/universalimageloader/core/assist/deque/Deque.java,L1006,1,0,36,1,932,1,0,0
209,L1009,LIFOLinkedBlockingDeque.java,library/src/com/nostra13/universalimageloader/core/assist/deque/LIFOLinkedBlockingDeque.java,L1006,1,0,13,1,932,2,0,0
210,L1010,LinkedBlockingDeque.java,library/src/com/nostra13/universalimageloader/core/assist/deque/LinkedBlockingDeque.java,L1006,74,0,632,1,932,1,0,0
211,L958,ImageSizeTest.java,library/test/com/nostra13/universalimageloader/core/assist/ImageSizeTest.java,L957,1,0,70,1,932,4,0,1
212,L2974,BaseImageDownloaderTest.java,library/test/com/nostra13/universalimageloader/core/download/BaseImageDownloaderTest.java,L2973,1,0,58,1,932,1,0,0
213,L4364,AbsListViewBaseActivity.java,sample/src/com/nostra13/example/universalimageloader/AbsListViewBaseActivity.java,L4363,3,0,58,1,932,1,0,0
214,L4365,BaseActivity.java,sample/src/com/nostra13/example/universalimageloader/BaseActivity.java,L4363,3,0,26,1,932,4,0,0
215,L4366,Constants.java,sample/src/com/nostra13/example/universalimageloader/Constants.java,L4363,1,0,150,1,932,11,0,0
216,L4367,HomeActivity.java,sample/src/com/nostra13/example/universalimageloader/HomeActivity.java,L4363,4,0,72,1,932,6,0,0
217,L4368,ImageGalleryActivity.java,sample/src/com/nostra13/example/universalimageloader/ImageGalleryActivity.java,L4363,2,0,70,1,932,11,0,0
218,L4369,ImageGridActivity.java,sample/src/com/nostra13/example/universalimageloader/ImageGridActivity.java,L4363,2,0,108,1,932,17,1,0
219,L4370,ImageListActivity.java,sample/src/com/nostra13/example/universalimageloader/ImageListActivity.java,L4363,4,0,106,1,932,20,1,0
220,L4371,ImagePagerActivity.java,sample/src/com/nostra13/example/universalimageloader/ImagePagerActivity.java,L4363,7,0,120,1,932,16,0,0
221,L4372,UILApplication.java,sample/src/com/nostra13/example/universalimageloader/UILApplication.java,L4363,3,0,34,1,932,12,0,0
222,L4912,UILWidgetProvider.java,sample/src/com/nostra13/example/universalimageloader/widget/UILWidgetProvider.java,L4911,2,0,49,1,932,8,0,0
224,L1588,DefaultConfigurationFactory.java,library/src/com/nostra13/universalimageloader/core/DefaultConfigurationFactory.java,L1587,9,0,103,1,932,26,2,1
225,L1589,DisplayBitmapTask.java,library/src/com/nostra13/universalimageloader/core/DisplayBitmapTask.java,L1587,3,0,50,1,932,27,3,0
226,L1590,DisplayImageOptions.java,library/src/com/nostra13/universalimageloader/core/DisplayImageOptions.java,L1587,10,0,278,3,932,35,2,0
227,L1591,ImageLoader.java,library/src/com/nostra13/universalimageloader/core/ImageLoader.java,L1587,25,0,280,3,932,63,6,0
228,L1592,ImageLoaderConfiguration.java,library/src/com/nostra13/universalimageloader/core/ImageLoaderConfiguration.java,L1587,44,0,344,2,932,39,2,0
229,L1593,ImageLoaderEngine.java,library/src/com/nostra13/universalimageloader/core/ImageLoaderEngine.java,L1587,10,0,124,1,932,29,3,0
230,L1594,ImageLoadingInfo.java,library/src/com/nostra13/universalimageloader/core/ImageLoadingInfo.java,L1587,1,0,28,1,932,17,1,0
231,L1595,LoadAndDisplayImageTask.java,library/src/com/nostra13/universalimageloader/core/LoadAndDisplayImageTask.java,L1587,67,0,369,4,932,78,9,2
232,L1596,ProcessAndDisplayImageTask.java,library/src/com/nostra13/universalimageloader/core/ProcessAndDisplayImageTask.java,L1587,1,0,30,1,932,20,2,0
233,L4744,DiskCacheUtils.java,library/src/com/nostra13/universalimageloader/utils/DiskCacheUtils.java,L4743,5,0,15,1,932,1,0,0
234,L4745,ImageSizeUtils.java,library/src/com/nostra13/universalimageloader/utils/ImageSizeUtils.java,L4743,22,0,96,2,932,9,1,1
235,L4746,IoUtils.java,library/src/com/nostra13/universalimageloader/utils/IoUtils.java,L4743,10,0,59,1,932,20,0,0
236,L4747,L.java,library/src/com/nostra13/universalimageloader/utils/L.java,L4743,6,0,59,1,932,7,0,0
237,L4748,MemoryCacheUtils.java,library/src/com/nostra13/universalimageloader/utils/MemoryCacheUtils.java,L4743,8,0,56,1,932,3,0,0
238,L4749,StorageUtils.java,library/src/com/nostra13/universalimageloader/utils/StorageUtils.java,L4743,16,0,72,2,932,16,5,1
239,L121,DiscCacheAware.java,library/src/com/nostra13/universalimageloader/cache/disc/DiscCacheAware.java,L120,1,0,16,1,932,14,0,0
240,L122,DiskCache.java,library/src/com/nostra13/universalimageloader/cache/disc/DiskCache.java,L120,1,0,3,1,932,1,0,0
241,L1172,BaseMemoryCache.java,library/src/com/nostra13/universalimageloader/cache/memory/BaseMemoryCache.java,L1171,2,0,36,1,932,8,2,0
242,L1173,LimitedMemoryCache.java,library/src/com/nostra13/universalimageloader/cache/memory/LimitedMemoryCache.java,L1171,7,0,62,1,932,9,1,0
243,L1174,MemoryCache.java,library/src/com/nostra13/universalimageloader/cache/memory/MemoryCache.java,L1171,1,0,4,1,932,1,0,0
244,L1175,MemoryCacheAware.java,library/src/com/nostra13/universalimageloader/cache/memory/MemoryCacheAware.java,L1171,1,0,10,1,932,6,0,0
245,L1599,ContentLengthInputStream.java,library/src/com/nostra13/universalimageloader/core/assist/ContentLengthInputStream.java,L1598,1,0,47,1,932,5,0,0
246,L1600,FailReason.java,library/src/com/nostra13/universalimageloader/core/assist/FailReason.java,L1598,1,0,22,1,932,8,0,0
247,L1601,FlushedInputStream.java,library/src/com/nostra13/universalimageloader/core/assist/FlushedInputStream.java,L1598,4,0,26,1,932,3,0,0
248,L1602,ImageScaleType.java,library/src/com/nostra13/universalimageloader/core/assist/ImageScaleType.java,L1598,1,0,8,1,932,6,0,0
249,L1603,ImageSize.java,library/src/com/nostra13/universalimageloader/core/assist/ImageSize.java,L1598,2,0,36,1,932,8,0,0
250,L1604,LoadedFrom.java,library/src/com/nostra13/universalimageloader/core/assist/LoadedFrom.java,L1598,1,0,4,1,932,2,0,0
251,L1605,QueueProcessingType.java,library/src/com/nostra13/universalimageloader/core/assist/QueueProcessingType.java,L1598,1,0,4,1,932,5,0,0
252,L1606,ViewScaleType.java,library/src/com/nostra13/universalimageloader/core/assist/ViewScaleType.java,L1598,9,0,22,1,932,8,0,0
253,L2502,BaseImageDecoder.java,library/src/com/nostra13/universalimageloader/core/decode/BaseImageDecoder.java,L2501,28,0,177,1,932,18,3,1
254,L2503,ImageDecoder.java,library/src/com/nostra13/universalimageloader/core/decode/ImageDecoder.java,L2501,1,0,6,1,932,3,0,0
255,L2504,ImageDecodingInfo.java,library/src/com/nostra13/universalimageloader/core/decode/ImageDecodingInfo.java,L2501,3,0,89,2,932,12,0,0
256,L2939,BitmapDisplayer.java,library/src/com/nostra13/universalimageloader/core/display/BitmapDisplayer.java,L2938,1,0,7,1,932,12,1,0
257,L2940,FadeInBitmapDisplayer.java,library/src/com/nostra13/universalimageloader/core/display/FadeInBitmapDisplayer.java,L2938,8,0,41,2,932,15,1,0
258,L2941,RoundedBitmapDisplayer.java,library/src/com/nostra13/universalimageloader/core/display/RoundedBitmapDisplayer.java,L2938,2,0,65,1,932,21,5,0
259,L2942,RoundedVignetteBitmapDisplayer.java,library/src/com/nostra13/universalimageloader/core/display/RoundedVignetteBitmapDisplayer.java,L2938,2,0,34,1,932,3,0,0
260,L2943,SimpleBitmapDisplayer.java,library/src/com/nostra13/universalimageloader/core/display/SimpleBitmapDisplayer.java,L2938,1,0,10,1,932,10,1,0
261,L3420,BaseImageDownloader.java,library/src/com/nostra13/universalimageloader/core/download/BaseImageDownloader.java,L3419,12,0,108,1,932,25,2,0
262,L3421,ImageDownloader.java,library/src/com/nostra13/universalimageloader/core/download/ImageDownloader.java,L3419,5,0,39,2,932,18,2,0
263,L3617,ImageAware.java,library/src/com/nostra13/universalimageloader/core/imageaware/ImageAware.java,L3616,1,0,15,1,932,11,1,0
264,L3618,ImageViewAware.java,library/src/com/nostra13/universalimageloader/core/imageaware/ImageViewAware.java,L3616,9,0,72,2,932,15,1,0
265,L3619,NonViewAware.java,library/src/com/nostra13/universalimageloader/core/imageaware/NonViewAware.java,L3616,4,0,54,1,932,1,0,0
266,L3620,ViewAware.java,library/src/com/nostra13/universalimageloader/core/imageaware/ViewAware.java,L3616,19,0,97,1,932,2,0,0
267,L4413,ImageLoadingListener.java,library/src/com/nostra13/universalimageloader/core/listener/ImageLoadingListener.java,L4412,1,0,10,1,932,2,0,0
268,L4414,ImageLoadingProgressListener.java,library/src/com/nostra13/universalimageloader/core/listener/ImageLoadingProgressListener.java,L4412,1,0,5,1,932,2,0,0
269,L4415,PauseOnScrollListener.java,library/src/com/nostra13/universalimageloader/core/listener/PauseOnScrollListener.java,L4412,8,0,49,1,932,2,0,0
270,L4416,SimpleImageLoadingListener.java,library/src/com/nostra13/universalimageloader/core/listener/SimpleImageLoadingListener.java,L4412,1,0,18,1,932,2,0,0
271,L4723,BitmapProcessor.java,library/src/com/nostra13/universalimageloader/core/process/BitmapProcessor.java,L4722,1,0,6,1,932,7,0,0
272,L182,BaseDiscCache.java,library/src/com/nostra13/universalimageloader/cache/disc/impl/BaseDiscCache.java,L181,16,0,128,1,932,7,1,0
273,L183,LimitedAgeDiscCache.java,library/src/com/nostra13/universalimageloader/cache/disc/impl/LimitedAgeDiscCache.java,L181,6,0,74,2,932,14,2,0
274,L184,UnlimitedDiscCache.java,library/src/com/nostra13/universalimageloader/cache/disc/impl/UnlimitedDiscCache.java,L181,1,0,14,1,932,16,0,0
275,L1120,FileNameGenerator.java,library/src/com/nostra13/universalimageloader/cache/disc/naming/FileNameGenerator.java,L1119,1,0,4,1,932,8,0,0
276,L1121,HashCodeFileNameGenerator.java,library/src/com/nostra13/universalimageloader/cache/disc/naming/HashCodeFileNameGenerator.java,L1119,1,0,7,1,932,5,0,0
277,L1122,Md5FileNameGenerator.java,library/src/com/nostra13/universalimageloader/cache/disc/naming/Md5FileNameGenerator.java,L1119,2,0,26,1,932,5,0,0
278,L1230,FIFOLimitedMemoryCache.java,library/src/com/nostra13/universalimageloader/cache/memory/impl/FIFOLimitedMemoryCache.java,L1229,3,0,48,1,932,7,0,0
279,L1231,FuzzyKeyMemoryCache.java,library/src/com/nostra13/universalimageloader/cache/memory/impl/FuzzyKeyMemoryCache.java,L1229,4,0,45,1,932,8,0,0
280,L1232,LargestLimitedMemoryCache.java,library/src/com/nostra13/universalimageloader/cache/memory/impl/LargestLimitedMemoryCache.java,L1229,6,0,68,2,932,10,0,0
281,L1233,LimitedAgeMemoryCache.java,library/src/com/nostra13/universalimageloader/cache/memory/impl/LimitedAgeMemoryCache.java,L1229,4,0,47,1,932,6,0,0
282,L1234,LRULimitedMemoryCache.java,library/src/com/nostra13/universalimageloader/cache/memory/impl/LRULimitedMemoryCache.java,L1229,3,0,63,1,932,7,0,0
283,L1235,LruMemoryCache.java,library/src/com/nostra13/universalimageloader/cache/memory/impl/LruMemoryCache.java,L1229,15,0,94,1,932,6,1,0
284,L1236,UsingFreqLimitedMemoryCache.java,library/src/com/nostra13/universalimageloader/cache/memory/impl/UsingFreqLimitedMemoryCache.java,L1229,8,0,79,1,932,7,0,0
285,L1237,WeakMemoryCache.java,library/src/com/nostra13/universalimageloader/cache/memory/impl/WeakMemoryCache.java,L1229,1,0,11,1,932,7,0,0
286,L1654,BlockingDeque.java,library/src/com/nostra13/universalimageloader/core/assist/deque/BlockingDeque.java,L1653,1,0,42,1,932,1,0,0
287,L1655,Deque.java,library/src/com/nostra13/universalimageloader/core/assist/deque/Deque.java,L1653,1,0,36,1,932,1,0,0
288,L1656,LIFOLinkedBlockingDeque.java,library/src/com/nostra13/universalimageloader/core/assist/deque/LIFOLinkedBlockingDeque.java,L1653,1,0,13,1,932,2,0,0
289,L1657,LinkedBlockingDeque.java,library/src/com/nostra13/universalimageloader/core/assist/deque/LinkedBlockingDeque.java,L1653,74,0,632,1,932,1,0,0
290,L319,DiskLruCache.java,library/src/com/nostra13/universalimageloader/cache/disc/impl/ext/DiskLruCache.java,L318,104,0,656,1,932,9,0,0
291,L320,LruDiscCache.java,library/src/com/nostra13/universalimageloader/cache/disc/impl/ext/LruDiscCache.java,L318,19,0,161,1,932,8,0,1
292,L321,StrictLineReader.java,library/src/com/nostra13/universalimageloader/cache/disc/impl/ext/StrictLineReader.java,L318,20,0,93,1,932,7,0,0
293,L322,Util.java,library/src/com/nostra13/universalimageloader/cache/disc/impl/ext/Util.java,L318,9,0,50,1,932,7,0,0
294,L1613,ImageSizeTest.java,library/test/com/nostra13/universalimageloader/core/assist/ImageSizeTest.java,L1612,1,0,70,1,932,6,0,1
295,L3423,BaseImageDownloaderTest.java,library/test/com/nostra13/universalimageloader/core/download/BaseImageDownloaderTest.java,L3422,1,0,58,1,932,1,0,0
296,L4983,AbsListViewBaseActivity.java,sample/src/com/nostra13/example/universalimageloader/AbsListViewBaseActivity.java,L4982,3,0,58,1,932,3,0,0
297,L4984,BaseActivity.java,sample/src/com/nostra13/example/universalimageloader/BaseActivity.java,L4982,3,0,26,1,932,4,0,0
298,L4985,Constants.java,sample/src/com/nostra13/example/universalimageloader/Constants.java,L4982,1,0,150,1,932,14,0,0
299,L4986,HomeActivity.java,sample/src/com/nostra13/example/universalimageloader/HomeActivity.java,L4982,4,0,72,1,932,6,0,0
300,L4987,ImageGalleryActivity.java,sample/src/com/nostra13/example/universalimageloader/ImageGalleryActivity.java,L4982,2,0,71,1,932,12,0,0
301,L4988,ImageGridActivity.java,sample/src/com/nostra13/example/universalimageloader/ImageGridActivity.java,L4982,2,0,108,1,932,20,1,0
302,L4989,ImageListActivity.java,sample/src/com/nostra13/example/universalimageloader/ImageListActivity.java,L4982,4,0,106,1,932,23,1,0
303,L4990,ImagePagerActivity.java,sample/src/com/nostra13/example/universalimageloader/ImagePagerActivity.java,L4982,7,0,121,1,932,19,0,0
304,L4991,UILApplication.java,sample/src/com/nostra13/example/universalimageloader/UILApplication.java,L4982,3,0,34,1,932,13,0,0
305,L5529,UILWidgetProvider.java,sample/src/com/nostra13/example/universalimageloader/widget/UILWidgetProvider.java,L5528,2,0,49,1,932,11,0,0
307,L1586,DefaultConfigurationFactory.java,library/src/com/nostra13/universalimageloader/core/DefaultConfigurationFactory.java,L1585,9,0,105,1,932,28,3,0
308,L1587,DisplayBitmapTask.java,library/src/com/nostra13/universalimageloader/core/DisplayBitmapTask.java,L1585,3,0,50,1,932,27,3,0
309,L1588,DisplayImageOptions.java,library/src/com/nostra13/universalimageloader/core/DisplayImageOptions.java,L1585,10,0,278,3,932,35,2,0
310,L1589,ImageLoader.java,library/src/com/nostra13/universalimageloader/core/ImageLoader.java,L1585,25,0,280,3,932,63,6,0
311,L1590,ImageLoaderConfiguration.java,library/src/com/nostra13/universalimageloader/core/ImageLoaderConfiguration.java,L1585,44,0,344,2,932,39,2,0
312,L1591,ImageLoaderEngine.java,library/src/com/nostra13/universalimageloader/core/ImageLoaderEngine.java,L1585,10,0,124,1,932,29,3,0
313,L1592,ImageLoadingInfo.java,library/src/com/nostra13/universalimageloader/core/ImageLoadingInfo.java,L1585,1,0,28,1,932,17,1,0
314,L1593,LoadAndDisplayImageTask.java,library/src/com/nostra13/universalimageloader/core/LoadAndDisplayImageTask.java,L1585,67,0,369,4,932,79,10,1
315,L1594,ProcessAndDisplayImageTask.java,library/src/com/nostra13/universalimageloader/core/ProcessAndDisplayImageTask.java,L1585,1,0,30,1,932,20,2,0
316,L4764,DiskCacheUtils.java,library/src/com/nostra13/universalimageloader/utils/DiskCacheUtils.java,L4763,5,0,15,1,932,1,0,0
317,L4765,ImageSizeUtils.java,library/src/com/nostra13/universalimageloader/utils/ImageSizeUtils.java,L4763,25,0,107,2,932,11,2,0
318,L4766,IoUtils.java,library/src/com/nostra13/universalimageloader/utils/IoUtils.java,L4763,11,0,63,1,932,21,0,0
319,L4767,L.java,library/src/com/nostra13/universalimageloader/utils/L.java,L4763,6,0,59,1,932,7,0,0
320,L4768,MemoryCacheUtils.java,library/src/com/nostra13/universalimageloader/utils/MemoryCacheUtils.java,L4763,8,0,56,1,932,3,0,0
321,L4769,StorageUtils.java,library/src/com/nostra13/universalimageloader/utils/StorageUtils.java,L4763,17,0,77,2,932,17,6,0
324,L1170,BaseMemoryCache.java,library/src/com/nostra13/universalimageloader/cache/memory/BaseMemoryCache.java,L1169,3,0,37,1,932,9,2,0
325,L1171,LimitedMemoryCache.java,library/src/com/nostra13/universalimageloader/cache/memory/LimitedMemoryCache.java,L1169,7,0,62,1,932,10,1,0
326,L1172,MemoryCache.java,library/src/com/nostra13/universalimageloader/cache/memory/MemoryCache.java,L1169,1,0,4,1,932,1,0,0
327,L1173,MemoryCacheAware.java,library/src/com/nostra13/universalimageloader/cache/memory/MemoryCacheAware.java,L1169,1,0,10,1,932,7,0,0
328,L1597,ContentLengthInputStream.java,library/src/com/nostra13/universalimageloader/core/assist/ContentLengthInputStream.java,L1596,1,0,47,1,932,5,0,0
329,L1598,FailReason.java,library/src/com/nostra13/universalimageloader/core/assist/FailReason.java,L1596,1,0,22,1,932,8,0,0
330,L1599,FlushedInputStream.java,library/src/com/nostra13/universalimageloader/core/assist/FlushedInputStream.java,L1596,4,0,26,1,932,3,0,0
331,L1600,ImageScaleType.java,library/src/com/nostra13/universalimageloader/core/assist/ImageScaleType.java,L1596,1,0,9,1,932,7,0,0
332,L1601,ImageSize.java,library/src/com/nostra13/universalimageloader/core/assist/ImageSize.java,L1596,2,0,36,1,932,8,0,0
333,L1602,LoadedFrom.java,library/src/com/nostra13/universalimageloader/core/assist/LoadedFrom.java,L1596,1,0,4,1,932,2,0,0
334,L1603,QueueProcessingType.java,library/src/com/nostra13/universalimageloader/core/assist/QueueProcessingType.java,L1596,1,0,4,1,932,5,0,0
335,L1604,ViewScaleType.java,library/src/com/nostra13/universalimageloader/core/assist/ViewScaleType.java,L1596,9,0,22,1,932,8,0,0
336,L2506,BaseImageDecoder.java,library/src/com/nostra13/universalimageloader/core/decode/BaseImageDecoder.java,L2505,28,0,177,1,932,20,3,1
337,L2507,ImageDecoder.java,library/src/com/nostra13/universalimageloader/core/decode/ImageDecoder.java,L2505,1,0,6,1,932,3,0,0
338,L2508,ImageDecodingInfo.java,library/src/com/nostra13/universalimageloader/core/decode/ImageDecodingInfo.java,L2505,3,0,89,2,932,12,0,0
339,L2932,BitmapDisplayer.java,library/src/com/nostra13/universalimageloader/core/display/BitmapDisplayer.java,L2931,1,0,7,1,932,13,1,0
340,L2933,FadeInBitmapDisplayer.java,library/src/com/nostra13/universalimageloader/core/display/FadeInBitmapDisplayer.java,L2931,8,0,41,2,932,15,1,0
341,L2934,RoundedBitmapDisplayer.java,library/src/com/nostra13/universalimageloader/core/display/RoundedBitmapDisplayer.java,L2931,2,0,65,1,932,22,5,0
342,L2935,RoundedVignetteBitmapDisplayer.java,library/src/com/nostra13/universalimageloader/core/display/RoundedVignetteBitmapDisplayer.java,L2931,2,0,34,1,932,3,0,0
343,L2936,SimpleBitmapDisplayer.java,library/src/com/nostra13/universalimageloader/core/display/SimpleBitmapDisplayer.java,L2931,1,0,10,1,932,10,1,0
344,L3413,BaseImageDownloader.java,library/src/com/nostra13/universalimageloader/core/download/BaseImageDownloader.java,L3412,15,0,127,2,932,30,2,0
345,L3414,ImageDownloader.java,library/src/com/nostra13/universalimageloader/core/download/ImageDownloader.java,L3412,5,0,39,2,932,18,2,0
346,L3632,ImageAware.java,library/src/com/nostra13/universalimageloader/core/imageaware/ImageAware.java,L3631,1,0,15,1,932,11,1,0
347,L3633,ImageViewAware.java,library/src/com/nostra13/universalimageloader/core/imageaware/ImageViewAware.java,L3631,10,0,76,2,932,16,1,0
348,L3634,NonViewAware.java,library/src/com/nostra13/universalimageloader/core/imageaware/NonViewAware.java,L3631,4,0,54,1,932,1,0,0
349,L3635,ViewAware.java,library/src/com/nostra13/universalimageloader/core/imageaware/ViewAware.java,L3631,19,0,97,1,932,2,0,0
350,L4433,ImageLoadingListener.java,library/src/com/nostra13/universalimageloader/core/listener/ImageLoadingListener.java,L4432,1,0,10,1,932,2,0,0
351,L4434,ImageLoadingProgressListener.java,library/src/com/nostra13/universalimageloader/core/listener/ImageLoadingProgressListener.java,L4432,1,0,5,1,932,2,0,0
352,L4435,PauseOnScrollListener.java,library/src/com/nostra13/universalimageloader/core/listener/PauseOnScrollListener.java,L4432,8,0,49,1,932,2,0,0
353,L4436,SimpleImageLoadingListener.java,library/src/com/nostra13/universalimageloader/core/listener/SimpleImageLoadingListener.java,L4432,1,0,18,1,932,2,0,0
354,L4743,BitmapProcessor.java,library/src/com/nostra13/universalimageloader/core/process/BitmapProcessor.java,L4742,1,0,6,1,932,7,0,0
358,L1118,FileNameGenerator.java,library/src/com/nostra13/universalimageloader/cache/disc/naming/FileNameGenerator.java,L1117,1,0,4,1,932,8,0,0
359,L1119,HashCodeFileNameGenerator.java,library/src/com/nostra13/universalimageloader/cache/disc/naming/HashCodeFileNameGenerator.java,L1117,1,0,7,1,932,5,0,0
360,L1120,Md5FileNameGenerator.java,library/src/com/nostra13/universalimageloader/cache/disc/naming/Md5FileNameGenerator.java,L1117,2,0,26,1,932,5,0,0
361,L1228,FIFOLimitedMemoryCache.java,library/src/com/nostra13/universalimageloader/cache/memory/impl/FIFOLimitedMemoryCache.java,L1227,3,0,48,1,932,8,0,0
362,L1229,FuzzyKeyMemoryCache.java,library/src/com/nostra13/universalimageloader/cache/memory/impl/FuzzyKeyMemoryCache.java,L1227,4,0,45,1,932,9,0,0
363,L1230,LargestLimitedMemoryCache.java,library/src/com/nostra13/universalimageloader/cache/memory/impl/LargestLimitedMemoryCache.java,L1227,6,0,68,2,932,11,0,0
364,L1231,LimitedAgeMemoryCache.java,library/src/com/nostra13/universalimageloader/cache/memory/impl/LimitedAgeMemoryCache.java,L1227,4,0,47,1,932,7,0,0
365,L1232,LRULimitedMemoryCache.java,library/src/com/nostra13/universalimageloader/cache/memory/impl/LRULimitedMemoryCache.java,L1227,3,0,63,1,932,8,0,0
366,L1233,LruMemoryCache.java,library/src/com/nostra13/universalimageloader/cache/memory/impl/LruMemoryCache.java,L1227,15,0,95,1,932,7,1,0
367,L1234,UsingFreqLimitedMemoryCache.java,library/src/com/nostra13/universalimageloader/cache/memory/impl/UsingFreqLimitedMemoryCache.java,L1227,8,0,79,1,932,8,0,0
368,L1235,WeakMemoryCache.java,library/src/com/nostra13/universalimageloader/cache/memory/impl/WeakMemoryCache.java,L1227,1,0,11,1,932,7,0,0
369,L1652,BlockingDeque.java,library/src/com/nostra13/universalimageloader/core/assist/deque/BlockingDeque.java,L1651,1,0,42,1,932,1,0,0
370,L1653,Deque.java,library/src/com/nostra13/universalimageloader/core/assist/deque/Deque.java,L1651,1,0,36,1,932,1,0,0
371,L1654,LIFOLinkedBlockingDeque.java,library/src/com/nostra13/universalimageloader/core/assist/deque/LIFOLinkedBlockingDeque.java,L1651,1,0,13,1,932,2,0,0
372,L1655,LinkedBlockingDeque.java,library/src/com/nostra13/universalimageloader/core/assist/deque/LinkedBlockingDeque.java,L1651,74,0,632,1,932,1,0,0
374,L320,LruDiscCache.java,library/src/com/nostra13/universalimageloader/cache/disc/impl/ext/LruDiscCache.java,L318,21,0,167,1,932,10,1,0
377,L1611,ImageSizeTest.java,library/test/com/nostra13/universalimageloader/core/assist/ImageSizeTest.java,L1610,1,0,140,1,932,8,1,0
378,L3416,BaseImageDownloaderTest.java,library/test/com/nostra13/universalimageloader/core/download/BaseImageDownloaderTest.java,L3415,1,0,58,1,932,1,0,0
379,L5011,Constants.java,sample/src/com/nostra13/example/universalimageloader/Constants.java,L5010,1,0,148,1,932,16,0,0
380,L5012,UILApplication.java,sample/src/com/nostra13/example/universalimageloader/UILApplication.java,L5010,3,0,35,1,932,14,0,0
381,L5015,ComplexImageActivity.java,sample/src/com/nostra13/example/universalimageloader/activity/ComplexImageActivity.java,L5014,6,0,62,1,932,1,0,0
382,L5016,HomeActivity.java,sample/src/com/nostra13/example/universalimageloader/activity/HomeActivity.java,L5014,4,0,82,1,932,1,0,0
383,L5017,SimpleImageActivity.java,sample/src/com/nostra13/example/universalimageloader/activity/SimpleImageActivity.java,L5014,9,0,58,1,932,1,0,0
384,L5208,AbsListViewBaseFragment.java,sample/src/com/nostra13/example/universalimageloader/fragment/AbsListViewBaseFragment.java,L5207,3,0,57,1,932,1,0,0
385,L5209,BaseFragment.java,sample/src/com/nostra13/example/universalimageloader/fragment/BaseFragment.java,L5207,3,0,33,1,932,1,0,0
386,L5210,ImageGalleryFragment.java,sample/src/com/nostra13/example/universalimageloader/fragment/ImageGalleryFragment.java,L5207,2,0,82,1,932,1,0,0
387,L5211,ImageGridFragment.java,sample/src/com/nostra13/example/universalimageloader/fragment/ImageGridFragment.java,L5207,2,0,109,1,932,1,0,0
388,L5212,ImageListFragment.java,sample/src/com/nostra13/example/universalimageloader/fragment/ImageListFragment.java,L5207,4,0,113,1,932,1,0,0
389,L5213,ImagePagerFragment.java,sample/src/com/nostra13/example/universalimageloader/fragment/ImagePagerFragment.java,L5207,6,0,114,1,932,1,0,0
390,L5668,UILWidgetProvider.java,sample/src/com/nostra13/example/universalimageloader/widget/UILWidgetProvider.java,L5667,2,0,49,1,932,11,0,0
392,L1561,DefaultConfigurationFactory.java,library/src/com/nostra13/universalimageloader/core/DefaultConfigurationFactory.java,L1560,11,0,125,1,932,31,3,0
393,L1562,DisplayBitmapTask.java,library/src/com/nostra13/universalimageloader/core/DisplayBitmapTask.java,L1560,3,0,50,1,932,28,3,0
394,L1563,DisplayImageOptions.java,library/src/com/nostra13/universalimageloader/core/DisplayImageOptions.java,L1560,10,0,278,3,932,36,2,0
395,L1564,ImageLoader.java,library/src/com/nostra13/universalimageloader/core/ImageLoader.java,L1560,26,0,283,3,932,65,6,0
396,L1565,ImageLoaderConfiguration.java,library/src/com/nostra13/universalimageloader/core/ImageLoaderConfiguration.java,L1560,44,0,344,2,932,42,2,0
397,L1566,ImageLoaderEngine.java,library/src/com/nostra13/universalimageloader/core/ImageLoaderEngine.java,L1560,10,0,124,1,932,30,3,0
398,L1567,ImageLoadingInfo.java,library/src/com/nostra13/universalimageloader/core/ImageLoadingInfo.java,L1560,1,0,28,1,932,17,1,0
399,L1568,LoadAndDisplayImageTask.java,library/src/com/nostra13/universalimageloader/core/LoadAndDisplayImageTask.java,L1560,69,0,379,4,932,83,11,0
400,L1569,ProcessAndDisplayImageTask.java,library/src/com/nostra13/universalimageloader/core/ProcessAndDisplayImageTask.java,L1560,1,0,30,1,932,21,2,0
401,L4807,DiskCacheUtils.java,library/src/com/nostra13/universalimageloader/utils/DiskCacheUtils.java,L4806,5,0,15,1,932,2,0,0
402,L4808,ImageSizeUtils.java,library/src/com/nostra13/universalimageloader/utils/ImageSizeUtils.java,L4806,25,0,107,2,932,12,2,0
403,L4809,IoUtils.java,library/src/com/nostra13/universalimageloader/utils/IoUtils.java,L4806,12,0,64,1,932,24,0,0
404,L4810,L.java,library/src/com/nostra13/universalimageloader/utils/L.java,L4806,6,0,59,1,932,8,0,0
405,L4811,MemoryCacheUtils.java,library/src/com/nostra13/universalimageloader/utils/MemoryCacheUtils.java,L4806,8,0,56,1,932,4,0,0
406,L4812,StorageUtils.java,library/src/com/nostra13/universalimageloader/utils/StorageUtils.java,L4806,24,0,92,2,932,20,6,0
407,L121,DiskCache.java,library/src/com/nostra13/universalimageloader/cache/disc/DiskCache.java,L120,1,0,15,1,932,2,0,0
408,L1162,BaseMemoryCache.java,library/src/com/nostra13/universalimageloader/cache/memory/BaseMemoryCache.java,L1161,3,0,37,1,932,10,2,0
409,L1163,LimitedMemoryCache.java,library/src/com/nostra13/universalimageloader/cache/memory/LimitedMemoryCache.java,L1161,7,0,62,1,932,11,1,0
410,L1164,MemoryCache.java,library/src/com/nostra13/universalimageloader/cache/memory/MemoryCache.java,L1161,1,0,10,1,932,2,0,0
411,L1572,ContentLengthInputStream.java,library/src/com/nostra13/universalimageloader/core/assist/ContentLengthInputStream.java,L1571,1,0,47,1,932,6,0,0
412,L1573,FailReason.java,library/src/com/nostra13/universalimageloader/core/assist/FailReason.java,L1571,1,0,22,1,932,9,0,0
413,L1574,FlushedInputStream.java,library/src/com/nostra13/universalimageloader/core/assist/FlushedInputStream.java,L1571,4,0,26,1,932,3,0,0
414,L1575,ImageScaleType.java,library/src/com/nostra13/universalimageloader/core/assist/ImageScaleType.java,L1571,1,0,9,1,932,8,0,0
415,L1576,ImageSize.java,library/src/com/nostra13/universalimageloader/core/assist/ImageSize.java,L1571,2,0,36,1,932,8,0,0
416,L1577,LoadedFrom.java,library/src/com/nostra13/universalimageloader/core/assist/LoadedFrom.java,L1571,1,0,4,1,932,2,0,0
417,L1578,QueueProcessingType.java,library/src/com/nostra13/universalimageloader/core/assist/QueueProcessingType.java,L1571,1,0,4,1,932,5,0,0
418,L1579,ViewScaleType.java,library/src/com/nostra13/universalimageloader/core/assist/ViewScaleType.java,L1571,9,0,22,1,932,8,0,0
419,L2481,BaseImageDecoder.java,library/src/com/nostra13/universalimageloader/core/decode/BaseImageDecoder.java,L2480,29,0,182,1,932,22,4,0
420,L2482,ImageDecoder.java,library/src/com/nostra13/universalimageloader/core/decode/ImageDecoder.java,L2480,1,0,6,1,932,3,0,0
421,L2483,ImageDecodingInfo.java,library/src/com/nostra13/universalimageloader/core/decode/ImageDecodingInfo.java,L2480,3,0,89,2,932,13,0,0
422,L2933,BitmapDisplayer.java,library/src/com/nostra13/universalimageloader/core/display/BitmapDisplayer.java,L2932,1,0,7,1,932,14,1,0
423,L2934,FadeInBitmapDisplayer.java,library/src/com/nostra13/universalimageloader/core/display/FadeInBitmapDisplayer.java,L2932,8,0,41,2,932,16,1,0
424,L2935,RoundedBitmapDisplayer.java,library/src/com/nostra13/universalimageloader/core/display/RoundedBitmapDisplayer.java,L2932,2,0,65,1,932,23,5,0
425,L2936,RoundedVignetteBitmapDisplayer.java,library/src/com/nostra13/universalimageloader/core/display/RoundedVignetteBitmapDisplayer.java,L2932,2,0,34,1,932,3,0,0
426,L2937,SimpleBitmapDisplayer.java,library/src/com/nostra13/universalimageloader/core/display/SimpleBitmapDisplayer.java,L2932,1,0,10,1,932,10,1,0
427,L3417,BaseImageDownloader.java,library/src/com/nostra13/universalimageloader/core/download/BaseImageDownloader.java,L3416,21,0,164,4,932,39,2,0
428,L3418,ImageDownloader.java,library/src/com/nostra13/universalimageloader/core/download/ImageDownloader.java,L3416,5,0,39,3,932,21,2,0
429,L3666,ImageAware.java,library/src/com/nostra13/universalimageloader/core/imageaware/ImageAware.java,L3665,1,0,15,1,932,12,1,0
430,L3667,ImageViewAware.java,library/src/com/nostra13/universalimageloader/core/imageaware/ImageViewAware.java,L3665,10,0,76,2,932,17,1,0
431,L3668,NonViewAware.java,library/src/com/nostra13/universalimageloader/core/imageaware/NonViewAware.java,L3665,4,0,54,1,932,2,0,0
432,L3669,ViewAware.java,library/src/com/nostra13/universalimageloader/core/imageaware/ViewAware.java,L3665,19,0,97,1,932,2,0,0
433,L4474,ImageLoadingListener.java,library/src/com/nostra13/universalimageloader/core/listener/ImageLoadingListener.java,L4473,1,0,10,1,932,2,0,0
434,L4475,ImageLoadingProgressListener.java,library/src/com/nostra13/universalimageloader/core/listener/ImageLoadingProgressListener.java,L4473,1,0,5,1,932,2,0,0
435,L4476,PauseOnScrollListener.java,library/src/com/nostra13/universalimageloader/core/listener/PauseOnScrollListener.java,L4473,8,0,49,1,932,2,0,0
436,L4477,SimpleImageLoadingListener.java,library/src/com/nostra13/universalimageloader/core/listener/SimpleImageLoadingListener.java,L4473,1,0,18,1,932,2,0,0
437,L4786,BitmapProcessor.java,library/src/com/nostra13/universalimageloader/core/process/BitmapProcessor.java,L4785,1,0,6,1,932,7,0,0
438,L174,BaseDiskCache.java,library/src/com/nostra13/universalimageloader/cache/disc/impl/BaseDiskCache.java,L173,16,0,127,1,932,1,0,0
439,L175,LimitedAgeDiskCache.java,library/src/com/nostra13/universalimageloader/cache/disc/impl/LimitedAgeDiskCache.java,L173,6,0,74,1,932,1,0,0
440,L176,UnlimitedDiskCache.java,library/src/com/nostra13/universalimageloader/cache/disc/impl/UnlimitedDiskCache.java,L173,1,0,14,1,932,1,0,0
441,L1110,FileNameGenerator.java,library/src/com/nostra13/universalimageloader/cache/disc/naming/FileNameGenerator.java,L1109,1,0,4,1,932,8,0,0
442,L1111,HashCodeFileNameGenerator.java,library/src/com/nostra13/universalimageloader/cache/disc/naming/HashCodeFileNameGenerator.java,L1109,1,0,7,1,932,5,0,0
443,L1112,Md5FileNameGenerator.java,library/src/com/nostra13/universalimageloader/cache/disc/naming/Md5FileNameGenerator.java,L1109,2,0,26,1,932,5,0,0
444,L1219,FIFOLimitedMemoryCache.java,library/src/com/nostra13/universalimageloader/cache/memory/impl/FIFOLimitedMemoryCache.java,L1218,3,0,48,1,932,9,0,0
445,L1220,FuzzyKeyMemoryCache.java,library/src/com/nostra13/universalimageloader/cache/memory/impl/FuzzyKeyMemoryCache.java,L1218,4,0,45,1,932,10,0,0
446,L1221,LargestLimitedMemoryCache.java,library/src/com/nostra13/universalimageloader/cache/memory/impl/LargestLimitedMemoryCache.java,L1218,6,0,68,2,932,12,0,0
447,L1222,LimitedAgeMemoryCache.java,library/src/com/nostra13/universalimageloader/cache/memory/impl/LimitedAgeMemoryCache.java,L1218,4,0,47,1,932,8,0,0
448,L1223,LRULimitedMemoryCache.java,library/src/com/nostra13/universalimageloader/cache/memory/impl/LRULimitedMemoryCache.java,L1218,3,0,63,1,932,9,0,0
449,L1224,LruMemoryCache.java,library/src/com/nostra13/universalimageloader/cache/memory/impl/LruMemoryCache.java,L1218,15,0,95,1,932,7,1,0
450,L1225,UsingFreqLimitedMemoryCache.java,library/src/com/nostra13/universalimageloader/cache/memory/impl/UsingFreqLimitedMemoryCache.java,L1218,8,0,79,1,932,9,0,0
451,L1226,WeakMemoryCache.java,library/src/com/nostra13/universalimageloader/cache/memory/impl/WeakMemoryCache.java,L1218,1,0,11,1,932,8,0,0
452,L1627,BlockingDeque.java,library/src/com/nostra13/universalimageloader/core/assist/deque/BlockingDeque.java,L1626,1,0,42,1,932,1,0,0
453,L1628,Deque.java,library/src/com/nostra13/universalimageloader/core/assist/deque/Deque.java,L1626,1,0,36,1,932,1,0,0
454,L1629,LIFOLinkedBlockingDeque.java,library/src/com/nostra13/universalimageloader/core/assist/deque/LIFOLinkedBlockingDeque.java,L1626,1,0,13,1,932,2,0,0
455,L1630,LinkedBlockingDeque.java,library/src/com/nostra13/universalimageloader/core/assist/deque/LinkedBlockingDeque.java,L1626,74,0,632,1,932,1,0,0
456,L311,DiskLruCache.java,library/src/com/nostra13/universalimageloader/cache/disc/impl/ext/DiskLruCache.java,L310,104,0,656,1,932,9,0,0
457,L312,LruDiskCache.java,library/src/com/nostra13/universalimageloader/cache/disc/impl/ext/LruDiskCache.java,L310,21,0,167,1,932,1,0,0
458,L313,StrictLineReader.java,library/src/com/nostra13/universalimageloader/cache/disc/impl/ext/StrictLineReader.java,L310,20,0,93,1,932,7,0,0
459,L314,Util.java,library/src/com/nostra13/universalimageloader/cache/disc/impl/ext/Util.java,L310,9,0,50,1,932,7,0,0
460,L1586,ImageSizeTest.java,library/test/com/nostra13/universalimageloader/core/assist/ImageSizeTest.java,L1585,1,0,140,2,932,11,1,0
461,L3420,BaseImageDownloaderTest.java,library/test/com/nostra13/universalimageloader/core/download/BaseImageDownloaderTest.java,L3419,1,0,58,2,932,4,0,0
462,L5065,Constants.java,sample/src/com/nostra13/universalimageloader/sample/Constants.java,L5064,1,0,149,1,932,4,0,0
463,L5066,UILApplication.java,sample/src/com/nostra13/universalimageloader/sample/UILApplication.java,L5064,3,0,33,1,932,2,0,0
464,L5069,ComplexImageActivity.java,sample/src/com/nostra13/universalimageloader/sample/activity/ComplexImageActivity.java,L5068,6,0,62,1,932,1,0,0
465,L5070,HomeActivity.java,sample/src/com/nostra13/universalimageloader/sample/activity/HomeActivity.java,L5068,6,0,102,1,932,1,0,0
466,L5071,SimpleImageActivity.java,sample/src/com/nostra13/universalimageloader/sample/activity/SimpleImageActivity.java,L5068,9,0,58,1,932,1,0,0
467,L5279,BrokenJpegImageDecoder.java,sample/src/com/nostra13/universalimageloader/sample/ext/BrokenJpegImageDecoder.java,L5278,4,0,39,1,932,1,0,0
468,L5280,HttpClientImageDownloader.java,sample/src/com/nostra13/universalimageloader/sample/ext/HttpClientImageDownloader.java,L5278,1,0,25,1,932,1,0,0
469,L5281,OkHttpImageDownloader.java,sample/src/com/nostra13/universalimageloader/sample/ext/OkHttpImageDownloader.java,L5278,1,0,19,1,932,1,0,0
470,L5282,OldRoundedBitmapDisplayer.java,sample/src/com/nostra13/universalimageloader/sample/ext/OldRoundedBitmapDisplayer.java,L5278,18,0,144,1,932,1,0,0
471,L5381,AbsListViewBaseFragment.java,sample/src/com/nostra13/universalimageloader/sample/fragment/AbsListViewBaseFragment.java,L5380,3,0,57,1,932,1,0,0
472,L5382,BaseFragment.java,sample/src/com/nostra13/universalimageloader/sample/fragment/BaseFragment.java,L5380,3,0,31,1,932,1,0,0
473,L5383,ImageGalleryFragment.java,sample/src/com/nostra13/universalimageloader/sample/fragment/ImageGalleryFragment.java,L5380,2,0,79,1,932,2,0,0
474,L5384,ImageGridFragment.java,sample/src/com/nostra13/universalimageloader/sample/fragment/ImageGridFragment.java,L5380,2,0,106,1,932,2,0,0
475,L5385,ImageListFragment.java,sample/src/com/nostra13/universalimageloader/sample/fragment/ImageListFragment.java,L5380,4,0,109,1,932,2,0,0
476,L5386,ImagePagerFragment.java,sample/src/com/nostra13/universalimageloader/sample/fragment/ImagePagerFragment.java,L5380,6,0,111,1,932,2,0,0
477,L5823,UILWidgetProvider.java,sample/src/com/nostra13/universalimageloader/sample/widget/UILWidgetProvider.java,L5822,2,0,49,1,932,1,0,0
