,ID,Name,LongName,Parent,McCC,CLOC,LLOC,Number of previous modifications,Number of committers,Number of developer commits,Number of previous fixes,Number of bugs
0,L11110,_HelloWorld.java,src/test/java/examples/_HelloWorld.java,L11109,1,0,22,1,1,1302,0,0
1,L11111,_TempMap.java,src/test/java/examples/_TempMap.java,L11109,1,0,12,1,1,1302,0,0
2,L11112,Bidi_Map.java,src/test/java/examples/Bidi_Map.java,L11109,2,0,19,4,2,3,0,0
3,L11113,Compression.java,src/test/java/examples/Compression.java,L11109,1,0,21,2,1,1302,0,0
4,L11114,Custom_Value.java,src/test/java/examples/Custom_Value.java,L11109,8,0,63,8,2,1302,0,0
5,L11115,Histogram.java,src/test/java/examples/Histogram.java,L11109,5,0,26,1,1,1302,0,0
6,L11116,Huge_Insert.java,src/test/java/examples/Huge_Insert.java,L11109,2,0,29,3,1,1302,0,0
7,L11117,Huge_Read.java,src/test/java/examples/Huge_Read.java,L11109,3,0,25,2,1,1302,0,0
8,L11118,Lazily_Loaded_Records.java,src/test/java/examples/Lazily_Loaded_Records.java,L11109,1,0,22,2,1,1302,0,0
9,L11119,Map_Size_Counter.java,src/test/java/examples/Map_Size_Counter.java,L11109,1,0,18,2,1,1302,0,0
10,L11120,MultiMap.java,src/test/java/examples/MultiMap.java,L11109,2,0,19,2,1,1302,0,0
11,L11121,Secondary_Key.java,src/test/java/examples/Secondary_Key.java,L11109,1,0,21,3,2,3,0,0
12,L11122,Secondary_Map.java,src/test/java/examples/Secondary_Map.java,L11109,1,0,18,2,1,1302,0,0
13,L11123,SQL_Auto_Incremental_Unique_Key.java,src/test/java/examples/SQL_Auto_Incremental_Unique_Key.java,L11109,1,0,16,1,1,1302,0,0
14,L11124,Transactions.java,src/test/java/examples/Transactions.java,L11109,3,0,41,1,1,1302,0,0
15,L11125,Transactions2.java,src/test/java/examples/Transactions2.java,L11109,1,0,19,1,1,1302,0,0
16,L11126,TreeMap_Composite_Key.java,src/test/java/examples/TreeMap_Composite_Key.java,L11109,7,0,53,1,1,1302,0,0
17,L11127,TreeMap_Performance_Tunning.java,src/test/java/examples/TreeMap_Performance_Tunning.java,L11109,5,0,43,4,1,1302,0,0
18,L111,AsyncWriteEngine.java,src/main/java/org/mapdb/AsyncWriteEngine.java,L110,41,0,197,36,5,1302,0,1
19,L112,Atomic.java,src/main/java/org/mapdb/Atomic.java,L110,44,0,329,3,1,1302,0,0
20,L113,Bind.java,src/main/java/org/mapdb/Bind.java,L110,24,0,143,6,2,3,0,0
21,L114,BTreeKeySerializer.java,src/main/java/org/mapdb/BTreeKeySerializer.java,L110,21,0,130,3,1,1302,0,0
22,L115,BTreeMap.java,src/main/java/org/mapdb/BTreeMap.java,L110,337,0,1641,35,3,1302,1,3
23,L116,CacheHardRef.java,src/main/java/org/mapdb/CacheHardRef.java,L110,6,0,44,13,2,1302,0,0
24,L117,CacheHashTable.java,src/main/java/org/mapdb/CacheHashTable.java,L110,12,0,113,19,1,1302,0,0
25,L118,CacheLRU.java,src/main/java/org/mapdb/CacheLRU.java,L110,7,0,91,10,1,1302,0,0
26,L119,CacheWeakSoftRef.java,src/main/java/org/mapdb/CacheWeakSoftRef.java,L110,15,0,151,17,3,1302,0,0
27,L120,CC.java,src/main/java/org/mapdb/CC.java,L110,1,0,7,10,1,1302,0,0
28,L121,CompressLZF.java,src/main/java/org/mapdb/CompressLZF.java,L110,31,0,171,6,1,1302,1,1
29,L122,DataInput2.java,src/main/java/org/mapdb/DataInput2.java,L110,2,0,89,4,1,1302,0,1
30,L123,DataOutput2.java,src/main/java/org/mapdb/DataOutput2.java,L110,3,0,98,4,1,1302,0,1
31,L124,DB.java,src/main/java/org/mapdb/DB.java,L110,24,0,219,25,2,1302,1,0
32,L125,DBMaker.java,src/main/java/org/mapdb/DBMaker.java,L110,29,0,244,46,2,1302,1,1
33,L126,EncryptionXTEA.java,src/main/java/org/mapdb/EncryptionXTEA.java,L110,18,0,200,2,1,1302,0,0
34,L127,Engine.java,src/main/java/org/mapdb/Engine.java,L110,1,0,17,12,2,1302,1,0
35,L128,EngineWrapper.java,src/main/java/org/mapdb/EngineWrapper.java,L110,23,0,312,14,2,1302,1,0
36,L129,Fun.java,src/main/java/org/mapdb/Fun.java,L110,91,0,192,4,1,1302,0,0
37,L130,HTreeMap.java,src/main/java/org/mapdb/HTreeMap.java,L110,148,0,882,28,3,1302,0,1
38,L131,Locks.java,src/main/java/org/mapdb/Locks.java,L110,13,0,68,5,1,1302,0,0
39,L132,LongConcurrentHashMap.java,src/main/java/org/mapdb/LongConcurrentHashMap.java,L110,102,0,515,8,2,1302,0,0
40,L133,LongConcurrentLRUMap.java,src/main/java/org/mapdb/LongConcurrentLRUMap.java,L110,80,0,583,4,1,1302,0,0
41,L134,LongHashMap.java,src/main/java/org/mapdb/LongHashMap.java,L110,31,0,280,10,2,1302,0,0
42,L135,LongMap.java,src/main/java/org/mapdb/LongMap.java,L110,3,0,37,6,2,1302,0,0
43,L136,Queues.java,src/main/java/org/mapdb/Queues.java,L110,46,0,443,6,2,1302,0,0
44,L137,SerializationHeader.java,src/main/java/org/mapdb/SerializationHeader.java,L110,1,0,131,10,1,1302,0,0
45,L138,Serializer.java,src/main/java/org/mapdb/Serializer.java,L110,8,0,123,14,2,1302,0,0
46,L139,SerializerBase.java,src/main/java/org/mapdb/SerializerBase.java,L110,354,0,1249,17,1,1302,0,0
47,L140,SerializerPojo.java,src/main/java/org/mapdb/SerializerPojo.java,L110,56,0,418,10,2,1302,0,1
48,L141,SnapshotEngine.java,src/main/java/org/mapdb/SnapshotEngine.java,L110,15,0,123,7,1,1302,0,0
49,L142,StoreAppend.java,src/main/java/org/mapdb/StoreAppend.java,L110,31,0,342,1,1,1302,0,3
50,L143,StoreDirect.java,src/main/java/org/mapdb/StoreDirect.java,L110,79,0,450,1,1,1302,0,3
51,L144,StoreWAL.java,src/main/java/org/mapdb/StoreWAL.java,L110,41,0,365,2,1,1302,0,5
52,L145,TxBlock.java,src/main/java/org/mapdb/TxBlock.java,L110,1,0,4,1,1,1302,0,0
53,L146,TxMaker.java,src/main/java/org/mapdb/TxMaker.java,L110,21,0,128,8,1,1302,0,1
54,L147,TxRollbackException.java,src/main/java/org/mapdb/TxRollbackException.java,L110,1,0,3,1,1,1302,0,0
55,L148,Utils.java,src/main/java/org/mapdb/Utils.java,L110,30,0,182,17,1,1302,0,1
56,L149,Volume.java,src/main/java/org/mapdb/Volume.java,L110,75,0,559,25,2,1302,1,2
57,L154,AtomicBooleanTest.java,src/test/java/org/mapdb/AtomicBooleanTest.java,L153,2,0,52,4,1,1302,0,0
58,L155,AtomicIntegerTest.java,src/test/java/org/mapdb/AtomicIntegerTest.java,L153,6,0,110,3,1,1302,0,0
59,L156,AtomicLongTest.java,src/test/java/org/mapdb/AtomicLongTest.java,L153,6,0,110,3,1,1302,0,0
60,L157,BTreeKeySerializerTest.java,src/test/java/org/mapdb/BTreeKeySerializerTest.java,L153,5,0,38,2,1,1302,0,0
61,L158,BTreeMapExtendTest.java,src/test/java/org/mapdb/BTreeMapExtendTest.java,L153,811,0,6259,2,1,1302,0,0
62,L159,BTreeMapLargeValsTest.java,src/test/java/org/mapdb/BTreeMapLargeValsTest.java,L153,2,0,33,9,1,1302,0,0
63,L160,BTreeMapNavigable2Test.java,src/test/java/org/mapdb/BTreeMapNavigable2Test.java,L153,10,0,362,7,2,1302,0,0
64,L161,BTreeMapNavigableSubMapExclusiveTest.java,src/test/java/org/mapdb/BTreeMapNavigableSubMapExclusiveTest.java,L153,1,0,15,5,2,1302,0,0
65,L162,BTreeMapNavigableSubMapInclusiveTest.java,src/test/java/org/mapdb/BTreeMapNavigableSubMapInclusiveTest.java,L153,1,0,13,5,2,1302,0,0
66,L163,BTreeMapNavigableTest.java,src/test/java/org/mapdb/BTreeMapNavigableTest.java,L153,1,0,190,4,1,1302,0,0
67,L164,BTreeMapSubSetTest.java,src/test/java/org/mapdb/BTreeMapSubSetTest.java,L153,47,0,587,2,1,1302,0,0
68,L165,BTreeMapTest.java,src/test/java/org/mapdb/BTreeMapTest.java,L153,19,0,226,22,2,1302,1,0
69,L166,BTreeMapTest2.java,src/test/java/org/mapdb/BTreeMapTest2.java,L153,2,0,32,9,1,1302,0,0
70,L167,BTreeMapTest3.java,src/test/java/org/mapdb/BTreeMapTest3.java,L153,30,0,212,4,1,1302,0,0
71,L168,BTreeMapTest4.java,src/test/java/org/mapdb/BTreeMapTest4.java,L153,120,0,1342,3,1,1302,0,0
72,L169,BTreeMapTest5.java,src/test/java/org/mapdb/BTreeMapTest5.java,L153,25,0,503,2,1,1302,0,0
73,L170,BTreeMapTest6.java,src/test/java/org/mapdb/BTreeMapTest6.java,L153,85,0,813,3,1,1302,0,0
74,L171,BTreeSet2Test.java,src/test/java/org/mapdb/BTreeSet2Test.java,L153,81,0,647,3,1,1302,0,0
75,L172,BTreeSetTest.java,src/test/java/org/mapdb/BTreeSetTest.java,L153,1,0,13,7,2,1302,0,0
76,L173,CacheWeakSoftRefTest.java,src/test/java/org/mapdb/CacheWeakSoftRefTest.java,L153,5,0,44,3,1,1302,0,0
77,L174,ChecksumCRC32SerializerTest.java,src/test/java/org/mapdb/ChecksumCRC32SerializerTest.java,L153,2,0,25,3,1,1302,0,0
78,L175,CompressTest.java,src/test/java/org/mapdb/CompressTest.java,L153,1,0,43,12,1,1302,0,0
79,L176,ConcurrentMapInterfaceTest.java,src/test/java/org/mapdb/ConcurrentMapInterfaceTest.java,L153,110,0,686,3,1,1302,0,0
80,L177,DBMakerTest.java,src/test/java/org/mapdb/DBMakerTest.java,L153,1,0,215,16,1,1302,0,0
81,L178,DBTest.java,src/test/java/org/mapdb/DBTest.java,L153,1,0,48,8,1,1302,0,0
82,L179,DebugVolume.java,src/test/java/org/mapdb/DebugVolume.java,L153,2,0,107,6,2,1302,1,0
83,L180,EncryptionXTEATest.java,src/test/java/org/mapdb/EncryptionXTEATest.java,L153,1,0,22,4,1,1302,0,0
84,L181,EngineTest.java,src/test/java/org/mapdb/EngineTest.java,L153,6,0,93,2,1,1302,0,0
85,L182,EngineWrapper_ImmutabilityCheckEngine.java,src/test/java/org/mapdb/EngineWrapper_ImmutabilityCheckEngine.java,L153,3,0,30,2,1,1302,0,0
86,L183,ExamplesTest.java,src/test/java/org/mapdb/ExamplesTest.java,L153,1,0,51,3,1,1302,0,0
87,L184,FunTest.java,src/test/java/org/mapdb/FunTest.java,L153,33,0,107,2,1,1302,0,0
88,L185,HTreeMap2Test.java,src/test/java/org/mapdb/HTreeMap2Test.java,L153,35,0,260,9,1,1302,0,0
89,L186,HTreeMap3Test.java,src/test/java/org/mapdb/HTreeMap3Test.java,L153,2,0,31,8,1,1302,0,0
90,L187,HTreeSetTest.java,src/test/java/org/mapdb/HTreeSetTest.java,L153,3,0,74,9,1,1302,0,0
91,L188,Issue37Test.java,src/test/java/org/mapdb/Issue37Test.java,L153,9,0,67,5,1,1302,0,0
92,L189,Issue41Test.java,src/test/java/org/mapdb/Issue41Test.java,L153,23,0,204,6,1,1302,0,0
93,L190,Issue69Test.java,src/test/java/org/mapdb/Issue69Test.java,L153,6,0,51,6,1,1302,0,0
94,L191,Issue77Test.java,src/test/java/org/mapdb/Issue77Test.java,L153,4,0,53,1,1,1302,0,0
95,L192,Issue78Test.java,src/test/java/org/mapdb/Issue78Test.java,L153,1,0,21,2,2,1302,0,0
96,L193,Issue86Test.java,src/test/java/org/mapdb/Issue86Test.java,L153,5,0,51,1,1,1302,0,0
97,L194,Issue90Test.java,src/test/java/org/mapdb/Issue90Test.java,L153,2,0,21,2,1,1302,2,0
98,L195,JSR166TestCase.java,src/test/java/org/mapdb/JSR166TestCase.java,L153,1,0,25,1,1,1302,0,0
99,L196,LoggerVolume.java,src/test/java/org/mapdb/LoggerVolume.java,L153,1,0,147,8,2,1302,1,0
100,L197,LongConcurrentHashMapTest.java,src/test/java/org/mapdb/LongConcurrentHashMapTest.java,L153,6,0,134,4,1,1302,0,0
101,L198,LongHashMapTest.java,src/test/java/org/mapdb/LongHashMapTest.java,L153,6,0,109,9,2,1302,0,0
102,L199,MapInterfaceTest.java,src/test/java/org/mapdb/MapInterfaceTest.java,L153,196,0,1334,5,2,1302,0,0
103,L200,MapListenerTest.java,src/test/java/org/mapdb/MapListenerTest.java,L153,16,0,43,2,1,1302,0,0
104,L201,QueuesTest.java,src/test/java/org/mapdb/QueuesTest.java,L153,1,0,64,3,1,1302,0,0
105,L202,RecidLocksTest.java,src/test/java/org/mapdb/RecidLocksTest.java,L153,3,0,44,3,1,1302,0,0
106,L203,Serialization2Bean.java,src/test/java/org/mapdb/Serialization2Bean.java,L153,32,0,88,1,1,1302,0,0
107,L204,Serialization2Test.java,src/test/java/org/mapdb/Serialization2Test.java,L153,1,0,69,5,1,1302,0,0
108,L205,SerializationHeaderTest.java,src/test/java/org/mapdb/SerializationHeaderTest.java,L153,2,0,19,3,1,1302,0,0
109,L206,Serialized2DerivedBean.java,src/test/java/org/mapdb/Serialized2DerivedBean.java,L153,28,0,63,1,1,1302,0,0
110,L207,SerializerBaseTest.java,src/test/java/org/mapdb/SerializerBaseTest.java,L153,33,0,367,8,1,1302,0,0
111,L208,SerializerPojoTest.java,src/test/java/org/mapdb/SerializerPojoTest.java,L153,19,0,171,6,2,1302,0,0
112,L209,SnapshotEngineTest.java,src/test/java/org/mapdb/SnapshotEngineTest.java,L153,1,0,69,5,1,1302,0,0
113,L210,StoreAppendTest.java,src/test/java/org/mapdb/StoreAppendTest.java,L153,2,0,40,1,1,1302,0,0
114,L211,StoreDirectTest.java,src/test/java/org/mapdb/StoreDirectTest.java,L153,15,0,242,1,1,1302,0,0
115,L212,StoreTestCase.java,src/test/java/org/mapdb/StoreTestCase.java,L153,4,0,86,1,1,1302,0,0
116,L213,StoreWALTest.java,src/test/java/org/mapdb/StoreWALTest.java,L153,1,0,8,1,1,1302,0,0
117,L214,TestFile.java,src/test/java/org/mapdb/TestFile.java,L153,4,0,18,12,2,1302,1,0
118,L215,TreeMapExtendTest.java,src/test/java/org/mapdb/TreeMapExtendTest.java,L153,1375,0,11307,1,1,1302,0,0
119,L216,TxMakerTest.java,src/test/java/org/mapdb/TxMakerTest.java,L153,2,0,33,1,1,1302,0,0
120,L217,UtilsTest.java,src/test/java/org/mapdb/UtilsTest.java,L153,3,0,42,1,1,1302,0,0
121,L218,VolumeTest.java,src/test/java/org/mapdb/VolumeTest.java,L153,13,0,176,10,1,1302,0,0
122,L11351,AsyncWriteEngineTest.java,src/test/java/org/mapdb/AsyncWriteEngineTest.java,L153,1,0,0,20,1,1302,0,0
123,L13376,_HelloWorld.java,src/test/java/examples/_HelloWorld.java,L13375,1,0,22,1,1,1302,0,0
124,L13377,_TempMap.java,src/test/java/examples/_TempMap.java,L13375,1,0,12,1,1,1302,0,0
125,L13378,Bidi_Map.java,src/test/java/examples/Bidi_Map.java,L13375,2,0,21,6,2,1302,0,0
126,L13379,Cache.java,src/test/java/examples/Cache.java,L13375,2,0,24,2,1,1302,0,0
127,L13380,Compression.java,src/test/java/examples/Compression.java,L13375,1,0,13,6,1,1302,0,0
128,L13381,Custom_Value.java,src/test/java/examples/Custom_Value.java,L13375,8,0,63,10,2,1302,0,0
129,L13382,DBMakerExtend.java,src/test/java/examples/DBMakerExtend.java,L13375,2,0,28,1,1,1302,0,0
130,L13383,Histogram.java,src/test/java/examples/Histogram.java,L13375,5,0,26,1,1,1302,0,0
131,L13384,Huge_Insert.java,src/test/java/examples/Huge_Insert.java,L13375,1,0,46,7,1,1302,0,0
132,L13385,Lazily_Loaded_Records.java,src/test/java/examples/Lazily_Loaded_Records.java,L13375,1,0,22,5,1,1302,0,0
133,L13386,Map_Size_Counter.java,src/test/java/examples/Map_Size_Counter.java,L13375,1,0,22,5,1,1302,0,0
134,L13387,MultiMap.java,src/test/java/examples/MultiMap.java,L13375,2,0,22,5,1,1302,0,0
135,L13388,Pump_InMemory_Import_Then_Save_To_Disk.java,src/test/java/examples/Pump_InMemory_Import_Then_Save_To_Disk.java,L13375,2,0,20,2,1,1302,0,0
136,L13389,Secondary_Key.java,src/test/java/examples/Secondary_Key.java,L13375,1,0,25,4,2,1302,0,0
137,L13390,Secondary_Map.java,src/test/java/examples/Secondary_Map.java,L13375,1,0,21,3,1,1302,0,0
138,L13391,SQL_Auto_Incremental_Unique_Key.java,src/test/java/examples/SQL_Auto_Incremental_Unique_Key.java,L13375,1,0,16,2,1,1302,0,0
139,L13392,Transactions.java,src/test/java/examples/Transactions.java,L13375,3,0,45,3,1,1302,0,0
140,L13393,Transactions2.java,src/test/java/examples/Transactions2.java,L13375,1,0,19,1,1,1302,0,0
141,L13394,TreeMap_Composite_Key.java,src/test/java/examples/TreeMap_Composite_Key.java,L13375,7,0,55,4,1,1302,0,0
142,L13395,TreeMap_Performance_Tunning.java,src/test/java/examples/TreeMap_Performance_Tunning.java,L13375,5,0,46,6,1,1302,0,0
143,L111,AsyncWriteEngine.java,src/main/java/org/mapdb/AsyncWriteEngine.java,L110,50,0,302,58,5,1302,1,1
144,L112,Atomic.java,src/main/java/org/mapdb/Atomic.java,L110,36,0,264,7,1,1302,0,1
145,L113,Bind.java,src/main/java/org/mapdb/Bind.java,L110,26,0,200,11,2,1302,0,0
146,L114,BTreeKeySerializer.java,src/main/java/org/mapdb/BTreeKeySerializer.java,L110,111,0,399,10,1,1302,0,1
147,L115,BTreeMap.java,src/main/java/org/mapdb/BTreeMap.java,L110,452,0,2055,56,3,1302,4,4
148,L116,Caches.java,src/main/java/org/mapdb/Caches.java,L110,39,0,430,2,1,1302,0,0
149,L117,CC.java,src/main/java/org/mapdb/CC.java,L110,1,0,11,15,1,1302,0,1
150,L118,CompressLZF.java,src/main/java/org/mapdb/CompressLZF.java,L110,27,0,125,11,1,1302,2,0
151,L119,DataInput2.java,src/main/java/org/mapdb/DataInput2.java,L110,1,0,96,8,1,1302,1,0
152,L120,DataOutput2.java,src/main/java/org/mapdb/DataOutput2.java,L110,4,0,108,8,1,1302,1,0
153,L121,DB.java,src/main/java/org/mapdb/DB.java,L110,110,0,818,48,2,1302,1,1
154,L122,DBMaker.java,src/main/java/org/mapdb/DBMaker.java,L110,34,0,345,71,2,1302,2,5
155,L123,EncryptionXTEA.java,src/main/java/org/mapdb/EncryptionXTEA.java,L110,14,0,175,6,1,1302,0,0
156,L124,Engine.java,src/main/java/org/mapdb/Engine.java,L110,1,0,23,22,2,1302,1,1
157,L125,EngineWrapper.java,src/main/java/org/mapdb/EngineWrapper.java,L110,23,0,350,23,2,1302,1,2
158,L126,Fun.java,src/main/java/org/mapdb/Fun.java,L110,91,0,216,7,1,1302,0,1
159,L127,HTreeMap.java,src/main/java/org/mapdb/HTreeMap.java,L110,227,0,1197,53,3,1302,2,0
160,L128,LongConcurrentHashMap.java,src/main/java/org/mapdb/LongConcurrentHashMap.java,L110,102,0,516,9,2,1302,0,0
161,L129,LongConcurrentLRUMap.java,src/main/java/org/mapdb/LongConcurrentLRUMap.java,L110,57,0,407,7,1,1302,0,0
162,L130,LongHashMap.java,src/main/java/org/mapdb/LongHashMap.java,L110,31,0,277,11,2,1302,0,0
163,L131,LongMap.java,src/main/java/org/mapdb/LongMap.java,L110,3,0,37,6,2,1302,0,0
164,L132,Pump.java,src/main/java/org/mapdb/Pump.java,L110,39,0,222,13,1,1302,1,1
165,L133,Queues.java,src/main/java/org/mapdb/Queues.java,L110,39,0,294,11,2,1302,0,1
166,L134,Serializer.java,src/main/java/org/mapdb/Serializer.java,L110,10,0,100,22,2,1302,0,0
167,L135,SerializerBase.java,src/main/java/org/mapdb/SerializerBase.java,L110,485,0,1575,34,1,1302,0,3
168,L136,SerializerPojo.java,src/main/java/org/mapdb/SerializerPojo.java,L110,62,0,454,28,2,1302,2,1
169,L137,Store.java,src/main/java/org/mapdb/Store.java,L110,27,0,182,8,1,1302,2,2
170,L138,StoreAppend.java,src/main/java/org/mapdb/StoreAppend.java,L110,56,0,479,29,1,1302,3,4
171,L139,StoreDirect.java,src/main/java/org/mapdb/StoreDirect.java,L110,118,0,697,51,1,1302,3,8
172,L140,StoreHeap.java,src/main/java/org/mapdb/StoreHeap.java,L110,15,0,211,14,1,1302,0,0
173,L141,StoreWAL.java,src/main/java/org/mapdb/StoreWAL.java,L110,100,0,659,43,1,1302,6,5
174,L142,TxBlock.java,src/main/java/org/mapdb/TxBlock.java,L110,1,0,4,1,1,1302,0,0
175,L143,TxEngine.java,src/main/java/org/mapdb/TxEngine.java,L110,52,0,349,7,1,1302,0,2
176,L144,TxMaker.java,src/main/java/org/mapdb/TxMaker.java,L110,8,0,31,23,1,1302,2,1
177,L145,TxRollbackException.java,src/main/java/org/mapdb/TxRollbackException.java,L110,1,0,3,1,1,1302,0,0
178,L146,Utils.java,src/main/java/org/mapdb/Utils.java,L110,34,0,193,34,1,1302,2,0
179,L147,Volume.java,src/main/java/org/mapdb/Volume.java,L110,85,0,607,40,2,1302,2,11
180,L152,AsyncWriteEngineTest.java,src/test/java/org/mapdb/AsyncWriteEngineTest.java,L151,8,0,98,26,1,1302,0,0
181,L153,AtomicBooleanTest.java,src/test/java/org/mapdb/AtomicBooleanTest.java,L151,2,0,52,6,1,1302,0,0
182,L154,AtomicIntegerTest.java,src/test/java/org/mapdb/AtomicIntegerTest.java,L151,6,0,110,5,1,1302,0,0
183,L155,AtomicLongTest.java,src/test/java/org/mapdb/AtomicLongTest.java,L151,6,0,122,6,1,1302,0,0
184,L156,BTreeKeySerializerTest.java,src/test/java/org/mapdb/BTreeKeySerializerTest.java,L151,14,0,153,5,1,1302,0,0
185,L157,BTreeMapExtendTest.java,src/test/java/org/mapdb/BTreeMapExtendTest.java,L151,811,0,6251,4,1,1302,0,0
186,L158,BTreeMapLargeValsTest.java,src/test/java/org/mapdb/BTreeMapLargeValsTest.java,L151,2,0,35,13,1,1302,0,0
187,L159,BTreeMapNavigable2Test.java,src/test/java/org/mapdb/BTreeMapNavigable2Test.java,L151,12,0,386,8,2,1302,0,0
188,L160,BTreeMapNavigableSubMapExclusiveTest.java,src/test/java/org/mapdb/BTreeMapNavigableSubMapExclusiveTest.java,L151,1,0,15,5,2,1302,0,0
189,L161,BTreeMapNavigableSubMapInclusiveTest.java,src/test/java/org/mapdb/BTreeMapNavigableSubMapInclusiveTest.java,L151,1,0,13,5,2,1302,0,0
190,L162,BTreeMapNavigableTest.java,src/test/java/org/mapdb/BTreeMapNavigableTest.java,L151,1,0,240,5,1,1302,0,0
191,L163,BTreeMapSubSetTest.java,src/test/java/org/mapdb/BTreeMapSubSetTest.java,L151,47,0,584,4,1,1302,0,0
192,L164,BTreeMapTest.java,src/test/java/org/mapdb/BTreeMapTest.java,L151,19,0,214,29,2,1302,1,0
193,L165,BTreeMapTest2.java,src/test/java/org/mapdb/BTreeMapTest2.java,L151,2,0,34,13,1,1302,0,0
194,L166,BTreeMapTest3.java,src/test/java/org/mapdb/BTreeMapTest3.java,L151,30,0,212,4,1,1302,0,0
195,L167,BTreeMapTest4.java,src/test/java/org/mapdb/BTreeMapTest4.java,L151,122,0,1385,6,1,1302,0,0
196,L168,BTreeMapTest5.java,src/test/java/org/mapdb/BTreeMapTest5.java,L151,47,0,981,5,1,1302,0,0
197,L169,BTreeMapTest6.java,src/test/java/org/mapdb/BTreeMapTest6.java,L151,111,0,926,6,1,1302,0,0
198,L170,BTreeSet2Test.java,src/test/java/org/mapdb/BTreeSet2Test.java,L151,98,0,683,7,1,1302,0,0
199,L171,BTreeSet3Test.java,src/test/java/org/mapdb/BTreeSet3Test.java,L151,51,0,782,2,1,1302,0,0
200,L172,BTreeSetTest.java,src/test/java/org/mapdb/BTreeSetTest.java,L151,1,0,15,9,2,1302,0,0
201,L173,CacheWeakSoftRefTest.java,src/test/java/org/mapdb/CacheWeakSoftRefTest.java,L151,5,0,44,6,1,1302,0,0
202,L174,CCTest.java,src/test/java/org/mapdb/CCTest.java,L151,3,0,13,2,1,1302,0,0
203,L175,CompressTest.java,src/test/java/org/mapdb/CompressTest.java,L151,1,0,26,17,1,1302,0,0
204,L176,ConcurrentMapInterfaceTest.java,src/test/java/org/mapdb/ConcurrentMapInterfaceTest.java,L151,110,0,686,3,1,1302,0,0
205,L177,DBMakerTest.java,src/test/java/org/mapdb/DBMakerTest.java,L151,2,0,289,28,1,1302,0,0
206,L178,DBTest.java,src/test/java/org/mapdb/DBTest.java,L151,1,0,61,10,1,1302,0,0
207,L179,DebugVolume.java,src/test/java/org/mapdb/DebugVolume.java,L151,2,0,112,7,2,1302,1,0
208,L180,EngineTest.java,src/test/java/org/mapdb/EngineTest.java,L151,13,0,188,9,1,1302,0,0
209,L181,EngineWrapper_ImmutabilityCheckEngine.java,src/test/java/org/mapdb/EngineWrapper_ImmutabilityCheckEngine.java,L151,3,0,30,5,1,1302,0,2
210,L182,ExamplesTest.java,src/test/java/org/mapdb/ExamplesTest.java,L151,1,0,60,7,1,1302,0,0
211,L183,FunTest.java,src/test/java/org/mapdb/FunTest.java,L151,33,0,107,2,1,1302,0,0
212,L184,HTreeMap2Test.java,src/test/java/org/mapdb/HTreeMap2Test.java,L151,44,0,427,29,1,1302,1,0
213,L185,HTreeMap3Test.java,src/test/java/org/mapdb/HTreeMap3Test.java,L151,2,0,31,14,1,1302,0,0
214,L186,HTreeSetTest.java,src/test/java/org/mapdb/HTreeSetTest.java,L151,3,0,89,17,1,1302,0,0
215,L187,Issue112Test.java,src/test/java/org/mapdb/Issue112Test.java,L151,1,0,16,2,1,1302,0,0
216,L188,Issue114Test.java,src/test/java/org/mapdb/Issue114Test.java,L151,1,0,9,2,1,1302,0,0
217,L189,Issue132Test.java,src/test/java/org/mapdb/Issue132Test.java,L151,9,0,71,2,1,1302,1,0
218,L190,Issue148Test.java,src/test/java/org/mapdb/Issue148Test.java,L151,12,0,120,3,1,1302,1,0
219,L191,Issue150Test.java,src/test/java/org/mapdb/Issue150Test.java,L151,12,0,87,3,1,1302,0,0
220,L192,Issue154Test.java,src/test/java/org/mapdb/Issue154Test.java,L151,1,0,55,3,1,1302,0,0
221,L193,Issue157Test.java,src/test/java/org/mapdb/Issue157Test.java,L151,5,0,34,1,1,1302,0,0
222,L194,Issue162Test.java,src/test/java/org/mapdb/Issue162Test.java,L151,5,0,85,2,1,1302,0,0
223,L195,Issue164Test.java,src/test/java/org/mapdb/Issue164Test.java,L151,7,0,91,2,1,1302,0,0
224,L196,Issue170Test.java,src/test/java/org/mapdb/Issue170Test.java,L151,2,0,17,1,1,1302,1,0
225,L197,Issue183Test.java,src/test/java/org/mapdb/Issue183Test.java,L151,1,0,52,1,1,1302,0,0
226,L198,Issue198Test.java,src/test/java/org/mapdb/Issue198Test.java,L151,2,0,15,2,1,1302,2,0
227,L199,Issue37Test.java,src/test/java/org/mapdb/Issue37Test.java,L151,6,0,43,9,1,1302,0,0
228,L200,Issue41Test.java,src/test/java/org/mapdb/Issue41Test.java,L151,23,0,206,8,1,1302,0,0
229,L201,Issue69Test.java,src/test/java/org/mapdb/Issue69Test.java,L151,6,0,51,8,1,1302,0,0
230,L202,Issue77Test.java,src/test/java/org/mapdb/Issue77Test.java,L151,4,0,53,1,1,1302,0,0
231,L203,Issue78Test.java,src/test/java/org/mapdb/Issue78Test.java,L151,1,0,21,3,2,1302,0,0
232,L204,Issue86Test.java,src/test/java/org/mapdb/Issue86Test.java,L151,5,0,51,2,1,1302,0,0
233,L205,Issue89Test.java,src/test/java/org/mapdb/Issue89Test.java,L151,2,0,54,1,1,1302,1,0
234,L206,Issue90Test.java,src/test/java/org/mapdb/Issue90Test.java,L151,2,0,20,4,1,1302,2,0
235,L207,IssuesTest.java,src/test/java/org/mapdb/IssuesTest.java,L151,1,0,11,1,1,1302,0,0
236,L208,JSR166TestCase.java,src/test/java/org/mapdb/JSR166TestCase.java,L151,1,0,25,1,1,1302,0,0
237,L209,LoggerVolume.java,src/test/java/org/mapdb/LoggerVolume.java,L151,1,0,151,9,2,1302,1,0
238,L210,LongConcurrentHashMapTest.java,src/test/java/org/mapdb/LongConcurrentHashMapTest.java,L151,6,0,134,4,1,1302,0,0
239,L211,LongHashMapTest.java,src/test/java/org/mapdb/LongHashMapTest.java,L151,6,0,109,9,2,1302,0,0
240,L212,MapInterfaceTest.java,src/test/java/org/mapdb/MapInterfaceTest.java,L151,196,0,1334,6,2,1302,0,0
241,L213,MapListenerTest.java,src/test/java/org/mapdb/MapListenerTest.java,L151,16,0,43,3,1,1302,0,0
242,L214,PumpTest.java,src/test/java/org/mapdb/PumpTest.java,L151,23,0,139,9,1,1302,0,0
243,L215,QueuesTest.java,src/test/java/org/mapdb/QueuesTest.java,L151,1,0,64,4,1,1302,0,0
244,L216,Serialization2Bean.java,src/test/java/org/mapdb/Serialization2Bean.java,L151,32,0,88,1,1,1302,0,0
245,L217,Serialization2Test.java,src/test/java/org/mapdb/Serialization2Test.java,L151,1,0,69,6,1,1302,0,0
246,L218,Serialized2DerivedBean.java,src/test/java/org/mapdb/Serialized2DerivedBean.java,L151,28,0,63,1,1,1302,0,0
247,L219,SerializerBaseTest.java,src/test/java/org/mapdb/SerializerBaseTest.java,L151,36,0,373,19,1,1302,1,0
248,L220,SerializerPojoTest.java,src/test/java/org/mapdb/SerializerPojoTest.java,L151,21,0,305,15,2,1302,2,0
249,L221,StoreAppendTest.java,src/test/java/org/mapdb/StoreAppendTest.java,L151,3,0,80,6,1,1302,0,0
250,L222,StoreDirectFreeSpaceTest.java,src/test/java/org/mapdb/StoreDirectFreeSpaceTest.java,L151,8,0,91,8,1,1302,0,0
251,L223,StoreDirectTest.java,src/test/java/org/mapdb/StoreDirectTest.java,L151,23,0,309,15,1,1302,0,0
252,L224,StoreHeapTest.java,src/test/java/org/mapdb/StoreHeapTest.java,L151,1,0,9,2,1,1302,0,0
253,L225,StoreWALTest.java,src/test/java/org/mapdb/StoreWALTest.java,L151,1,0,34,6,1,1302,0,0
254,L226,TestFile.java,src/test/java/org/mapdb/TestFile.java,L151,4,0,18,14,2,1302,1,0
255,L227,TreeMapExtendTest.java,src/test/java/org/mapdb/TreeMapExtendTest.java,L151,1375,0,11296,2,1,1302,0,0
256,L228,TxEngineTest.java,src/test/java/org/mapdb/TxEngineTest.java,L151,1,0,72,2,1,1302,0,0
257,L229,TxMakerTest.java,src/test/java/org/mapdb/TxMakerTest.java,L151,23,0,159,10,1,1302,4,0
258,L230,UtilsTest.java,src/test/java/org/mapdb/UtilsTest.java,L151,4,0,66,3,1,1302,0,0
259,L231,VolumeTest.java,src/test/java/org/mapdb/VolumeTest.java,L151,14,0,194,13,1,1302,0,0
260,L15741,_HelloWorld.java,src/test/java/examples/_HelloWorld.java,L15740,1,0,22,2,1,1302,0,0
261,L15742,_TempMap.java,src/test/java/examples/_TempMap.java,L15740,1,0,12,1,1,1302,0,0
262,L15743,Bidi_Map.java,src/test/java/examples/Bidi_Map.java,L15740,2,0,21,8,2,1302,0,0
263,L15744,CacheEntryExpiry.java,src/test/java/examples/CacheEntryExpiry.java,L15740,3,0,36,6,1,1302,0,0
264,L15745,CacheOffHeap.java,src/test/java/examples/CacheOffHeap.java,L15740,3,0,24,2,1,1302,0,0
265,L15746,CacheOffHeapAdvanced.java,src/test/java/examples/CacheOffHeapAdvanced.java,L15740,3,0,32,3,1,1302,0,0
266,L15747,Compression.java,src/test/java/examples/Compression.java,L15740,1,0,22,9,1,1302,0,0
267,L15748,Custom_Value.java,src/test/java/examples/Custom_Value.java,L15740,8,0,67,13,2,1302,0,0
268,L15749,DBMakerExtend.java,src/test/java/examples/DBMakerExtend.java,L15740,3,0,89,3,1,1302,0,0
269,L15750,Histogram.java,src/test/java/examples/Histogram.java,L15740,5,0,26,1,1,1302,0,0
270,L15751,Huge_Insert.java,src/test/java/examples/Huge_Insert.java,L15740,2,0,57,9,1,1302,0,0
271,L15752,Lazily_Loaded_Records.java,src/test/java/examples/Lazily_Loaded_Records.java,L15740,1,0,21,6,1,1302,0,0
272,L15753,Map_Size_Counter.java,src/test/java/examples/Map_Size_Counter.java,L15740,1,0,22,6,1,1302,0,0
273,L15754,MultiMap.java,src/test/java/examples/MultiMap.java,L15740,2,0,25,8,1,1302,0,0
274,L15755,Secondary_Key.java,src/test/java/examples/Secondary_Key.java,L15740,1,0,25,6,2,1302,0,0
275,L15756,Secondary_Map.java,src/test/java/examples/Secondary_Map.java,L15740,1,0,21,3,1,1302,0,0
276,L15757,Secondary_Values.java,src/test/java/examples/Secondary_Values.java,L15740,2,0,33,3,1,1302,0,0
277,L15758,SQL_Auto_Incremental_Unique_Key.java,src/test/java/examples/SQL_Auto_Incremental_Unique_Key.java,L15740,1,0,16,2,1,1302,0,0
278,L15759,Transactions.java,src/test/java/examples/Transactions.java,L15740,3,0,46,4,1,1302,0,0
279,L15760,Transactions2.java,src/test/java/examples/Transactions2.java,L15740,1,0,19,1,1,1302,0,0
280,L15761,TreeMap_Composite_Key.java,src/test/java/examples/TreeMap_Composite_Key.java,L15740,7,0,55,5,2,1,0,0
281,L15762,TreeMap_Performance_Tunning.java,src/test/java/examples/TreeMap_Performance_Tunning.java,L15740,6,0,48,7,1,1302,0,0
282,L111,AsyncWriteEngine.java,src/main/java/org/mapdb/AsyncWriteEngine.java,L110,50,0,323,69,5,1302,3,1
283,L112,Atomic.java,src/main/java/org/mapdb/Atomic.java,L110,36,0,272,9,1,1302,1,0
284,L113,Bind.java,src/main/java/org/mapdb/Bind.java,L110,68,0,262,20,2,1302,0,0
285,L114,BTreeKeySerializer.java,src/main/java/org/mapdb/BTreeKeySerializer.java,L110,171,0,804,24,1,1302,1,0
286,L115,BTreeMap.java,src/main/java/org/mapdb/BTreeMap.java,L110,455,0,2160,84,4,1302,8,0
287,L116,Caches.java,src/main/java/org/mapdb/Caches.java,L110,42,0,480,7,1,1302,0,0
288,L117,CC.java,src/main/java/org/mapdb/CC.java,L110,1,0,14,23,1,1302,1,0
289,L118,CompressLZF.java,src/main/java/org/mapdb/CompressLZF.java,L110,27,0,148,13,1,1302,2,1
290,L119,DataInput2.java,src/main/java/org/mapdb/DataInput2.java,L110,5,0,117,9,1,1302,1,0
291,L120,DataOutput2.java,src/main/java/org/mapdb/DataOutput2.java,L110,6,0,122,12,1,1302,1,0
292,L121,DB.java,src/main/java/org/mapdb/DB.java,L110,159,0,1127,74,2,1302,2,3
293,L122,DBMaker.java,src/main/java/org/mapdb/DBMaker.java,L110,53,0,493,103,2,1302,8,0
294,L123,EncryptionXTEA.java,src/main/java/org/mapdb/EncryptionXTEA.java,L110,10,0,166,9,1,1302,0,0
295,L124,Engine.java,src/main/java/org/mapdb/Engine.java,L110,1,0,28,29,2,1302,2,0
296,L125,EngineWrapper.java,src/main/java/org/mapdb/EngineWrapper.java,L110,25,0,429,37,2,1302,3,0
297,L126,Fun.java,src/main/java/org/mapdb/Fun.java,L110,162,0,743,25,1,1302,1,0
298,L127,Hasher.java,src/main/java/org/mapdb/Hasher.java,L110,1,0,76,2,1,1302,0,0
299,L128,HTreeMap.java,src/main/java/org/mapdb/HTreeMap.java,L110,236,0,1251,73,3,1302,2,0
300,L129,LongConcurrentHashMap.java,src/main/java/org/mapdb/LongConcurrentHashMap.java,L110,102,0,517,11,2,1302,0,0
301,L130,LongConcurrentLRUMap.java,src/main/java/org/mapdb/LongConcurrentLRUMap.java,L110,57,0,407,11,1,1302,0,1
302,L131,LongHashMap.java,src/main/java/org/mapdb/LongHashMap.java,L110,31,0,286,14,2,1302,0,0
303,L132,LongMap.java,src/main/java/org/mapdb/LongMap.java,L110,3,0,38,7,2,1302,0,0
304,L133,Pump.java,src/main/java/org/mapdb/Pump.java,L110,58,0,313,29,1,1302,2,1
305,L134,Queues.java,src/main/java/org/mapdb/Queues.java,L110,38,0,344,21,2,1302,1,0
306,L135,Serializer.java,src/main/java/org/mapdb/Serializer.java,L110,27,0,367,35,2,1302,0,0
307,L136,SerializerBase.java,src/main/java/org/mapdb/SerializerBase.java,L110,492,0,1744,68,1,1302,5,0
308,L137,SerializerPojo.java,src/main/java/org/mapdb/SerializerPojo.java,L110,67,0,449,42,2,1302,3,0
309,L138,Store.java,src/main/java/org/mapdb/Store.java,L110,32,0,246,32,2,1302,4,0
310,L139,StoreAppend.java,src/main/java/org/mapdb/StoreAppend.java,L110,61,0,510,47,1,1302,6,0
311,L140,StoreDirect.java,src/main/java/org/mapdb/StoreDirect.java,L110,135,0,795,87,3,1302,10,0
312,L141,StoreHeap.java,src/main/java/org/mapdb/StoreHeap.java,L110,20,0,216,21,1,1302,0,0
313,L142,StoreWAL.java,src/main/java/org/mapdb/StoreWAL.java,L110,134,0,856,72,1,1302,10,2
314,L143,TxBlock.java,src/main/java/org/mapdb/TxBlock.java,L110,1,0,4,1,1,1302,0,0
315,L144,TxEngine.java,src/main/java/org/mapdb/TxEngine.java,L110,61,0,524,24,1,1302,2,0
316,L145,TxMaker.java,src/main/java/org/mapdb/TxMaker.java,L110,13,0,56,28,1,1302,4,0
317,L146,TxRollbackException.java,src/main/java/org/mapdb/TxRollbackException.java,L110,1,0,4,2,1,1302,0,0
318,L147,Volume.java,src/main/java/org/mapdb/Volume.java,L110,85,0,673,68,3,1302,11,1
319,L153,AtomicBooleanTest.java,src/test/java/org/mapdb/AtomicBooleanTest.java,L151,2,0,61,9,1,1302,0,0
320,L154,AtomicIntegerTest.java,src/test/java/org/mapdb/AtomicIntegerTest.java,L151,6,0,119,8,1,1302,0,0
321,L155,AtomicLongTest.java,src/test/java/org/mapdb/AtomicLongTest.java,L151,6,0,131,9,1,1302,0,0
322,L156,BindTest.java,src/test/java/org/mapdb/BindTest.java,L151,12,0,157,6,1,1302,1,0
323,L157,BrokenDBTest.java,src/test/java/org/mapdb/BrokenDBTest.java,L151,11,0,108,10,1,1302,1,0
324,L158,BTreeKeySerializerTest.java,src/test/java/org/mapdb/BTreeKeySerializerTest.java,L151,25,0,245,10,1,1302,0,0
325,L159,BTreeMapContainsKeyTest.java,src/test/java/org/mapdb/BTreeMapContainsKeyTest.java,L151,1,0,38,8,2,1302,1,0
326,L160,BTreeMapExtendTest.java,src/test/java/org/mapdb/BTreeMapExtendTest.java,L151,811,0,6251,5,1,1302,0,0
327,L161,BTreeMapLargeValsTest.java,src/test/java/org/mapdb/BTreeMapLargeValsTest.java,L151,2,0,39,21,1,1302,1,0
328,L162,BTreeMapNavigable2Test.java,src/test/java/org/mapdb/BTreeMapNavigable2Test.java,L151,12,0,387,10,2,1302,0,0
329,L163,BTreeMapNavigableSubMapExclusiveTest.java,src/test/java/org/mapdb/BTreeMapNavigableSubMapExclusiveTest.java,L151,1,0,15,5,2,1302,0,0
330,L164,BTreeMapNavigableSubMapInclusiveTest.java,src/test/java/org/mapdb/BTreeMapNavigableSubMapInclusiveTest.java,L151,1,0,13,5,2,1302,0,0
331,L165,BTreeMapNavigableTest.java,src/test/java/org/mapdb/BTreeMapNavigableTest.java,L151,1,0,243,6,1,1302,0,0
332,L166,BTreeMapParTest.java,src/test/java/org/mapdb/BTreeMapParTest.java,L151,3,0,34,2,1,1302,0,0
333,L167,BTreeMapSubSetTest.java,src/test/java/org/mapdb/BTreeMapSubSetTest.java,L151,47,0,585,6,1,1302,0,0
334,L168,BTreeMapTest.java,src/test/java/org/mapdb/BTreeMapTest.java,L151,33,0,353,40,2,1302,3,0
335,L169,BTreeMapTest2.java,src/test/java/org/mapdb/BTreeMapTest2.java,L151,2,0,38,21,1,1302,1,0
336,L170,BTreeMapTest3.java,src/test/java/org/mapdb/BTreeMapTest3.java,L151,30,0,212,4,1,1302,0,0
337,L171,BTreeMapTest4.java,src/test/java/org/mapdb/BTreeMapTest4.java,L151,122,0,1390,10,1,1302,0,0
338,L172,BTreeMapTest5.java,src/test/java/org/mapdb/BTreeMapTest5.java,L151,47,0,982,6,1,1302,0,0
339,L173,BTreeMapTest6.java,src/test/java/org/mapdb/BTreeMapTest6.java,L151,111,0,927,7,1,1302,0,0
340,L174,BTreeSet2Test.java,src/test/java/org/mapdb/BTreeSet2Test.java,L151,98,0,685,9,1,1302,0,0
341,L175,BTreeSet3Test.java,src/test/java/org/mapdb/BTreeSet3Test.java,L151,51,0,783,3,1,1302,0,0
342,L176,BTreeSetTest.java,src/test/java/org/mapdb/BTreeSetTest.java,L151,1,0,13,13,2,1302,0,0
343,L177,CacheWeakSoftRefTest.java,src/test/java/org/mapdb/CacheWeakSoftRefTest.java,L151,5,0,43,7,1,1302,0,0
344,L178,CCTest.java,src/test/java/org/mapdb/CCTest.java,L151,3,0,13,2,1,1302,0,0
345,L179,ClosedThrowsExceptionTest.java,src/test/java/org/mapdb/ClosedThrowsExceptionTest.java,L151,1,0,118,2,1,1302,0,0
346,L180,CompressTest.java,src/test/java/org/mapdb/CompressTest.java,L151,1,0,46,21,1,1302,0,0
347,L181,ConcurrentMapInterfaceTest.java,src/test/java/org/mapdb/ConcurrentMapInterfaceTest.java,L151,110,0,686,3,1,1302,0,0
348,L182,DataOutput2Test.java,src/test/java/org/mapdb/DataOutput2Test.java,L151,1,0,25,1,1,1302,0,0
349,L183,DBMakerTest.java,src/test/java/org/mapdb/DBMakerTest.java,L151,3,0,313,39,1,1302,1,0
350,L184,DBTest.java,src/test/java/org/mapdb/DBTest.java,L151,1,0,81,16,1,1302,2,0
351,L185,DebugVolume.java,src/test/java/org/mapdb/DebugVolume.java,L151,2,0,117,9,2,1302,1,0
352,L186,EngineTest.java,src/test/java/org/mapdb/EngineTest.java,L151,13,0,188,9,1,1302,0,0
353,L187,EngineWrapper_ImmutabilityCheckEngine.java,src/test/java/org/mapdb/EngineWrapper_ImmutabilityCheckEngine.java,L151,3,0,31,9,1,1302,1,0
354,L188,ExamplesTest.java,src/test/java/org/mapdb/ExamplesTest.java,L151,1,0,64,10,1,1302,0,0
355,L189,FunTest.java,src/test/java/org/mapdb/FunTest.java,L151,55,0,182,4,1,1302,0,0
356,L190,HTreeMap2Test.java,src/test/java/org/mapdb/HTreeMap2Test.java,L151,47,0,468,39,1,1302,1,0
357,L191,HTreeMap3Test.java,src/test/java/org/mapdb/HTreeMap3Test.java,L151,2,0,35,22,1,1302,1,0
358,L192,HTreeSetTest.java,src/test/java/org/mapdb/HTreeSetTest.java,L151,3,0,90,26,1,1302,1,0
359,L193,Issue112Test.java,src/test/java/org/mapdb/Issue112Test.java,L151,1,0,16,4,1,1302,1,0
360,L194,Issue114Test.java,src/test/java/org/mapdb/Issue114Test.java,L151,1,0,10,4,1,1302,0,0
361,L195,Issue132Test.java,src/test/java/org/mapdb/Issue132Test.java,L151,9,0,71,6,1,1302,2,0
362,L196,Issue148Test.java,src/test/java/org/mapdb/Issue148Test.java,L151,12,0,124,7,1,1302,1,0
363,L197,Issue150Test.java,src/test/java/org/mapdb/Issue150Test.java,L151,12,0,91,5,1,1302,0,0
364,L198,Issue154Test.java,src/test/java/org/mapdb/Issue154Test.java,L151,1,0,55,4,1,1302,0,0
365,L199,Issue157Test.java,src/test/java/org/mapdb/Issue157Test.java,L151,5,0,34,2,1,1302,0,0
366,L200,Issue162Test.java,src/test/java/org/mapdb/Issue162Test.java,L151,5,0,89,5,1,1302,0,0
367,L201,Issue164Test.java,src/test/java/org/mapdb/Issue164Test.java,L151,7,0,91,2,1,1302,0,0
368,L202,Issue170Test.java,src/test/java/org/mapdb/Issue170Test.java,L151,2,0,17,3,1,1302,1,0
369,L203,Issue183Test.java,src/test/java/org/mapdb/Issue183Test.java,L151,1,0,54,4,1,1302,0,0
370,L204,Issue198Test.java,src/test/java/org/mapdb/Issue198Test.java,L151,2,0,14,4,1,1302,2,0
371,L205,Issue237Test.java,src/test/java/org/mapdb/Issue237Test.java,L151,1,0,31,4,1,1302,1,0
372,L206,Issue241.java,src/test/java/org/mapdb/Issue241.java,L151,1,0,44,4,1,1302,0,0
373,L207,Issue247Test.java,src/test/java/org/mapdb/Issue247Test.java,L151,1,0,25,4,1,1302,0,0
374,L208,Issue249Test.java,src/test/java/org/mapdb/Issue249Test.java,L151,6,0,82,4,1,1302,0,0
375,L209,Issue254Test.java,src/test/java/org/mapdb/Issue254Test.java,L151,13,0,163,4,1,1302,0,0
376,L210,Issue258Test.java,src/test/java/org/mapdb/Issue258Test.java,L151,5,0,29,1,1,1302,1,0
377,L211,Issue265Test.java,src/test/java/org/mapdb/Issue265Test.java,L151,1,0,41,1,1,1302,1,0
378,L212,Issue266Test.java,src/test/java/org/mapdb/Issue266Test.java,L151,1,0,54,2,1,1302,1,0
379,L213,Issue308Test.java,src/test/java/org/mapdb/Issue308Test.java,L151,1,0,32,2,1,1302,1,0
380,L214,Issue312Test.java,src/test/java/org/mapdb/Issue312Test.java,L151,2,0,26,1,1,1302,1,0
381,L215,Issue37Test.java,src/test/java/org/mapdb/Issue37Test.java,L151,6,0,43,11,1,1302,0,0
382,L216,Issue41Test.java,src/test/java/org/mapdb/Issue41Test.java,L151,23,0,214,10,1,1302,0,0
383,L217,Issue69Test.java,src/test/java/org/mapdb/Issue69Test.java,L151,6,0,50,9,1,1302,0,0
384,L218,Issue77Test.java,src/test/java/org/mapdb/Issue77Test.java,L151,4,0,52,3,1,1302,0,0
385,L219,Issue78Test.java,src/test/java/org/mapdb/Issue78Test.java,L151,1,0,22,4,2,1302,0,0
386,L220,Issue86Test.java,src/test/java/org/mapdb/Issue86Test.java,L151,5,0,51,3,1,1302,0,0
387,L221,Issue89Test.java,src/test/java/org/mapdb/Issue89Test.java,L151,2,0,53,3,1,1302,1,0
388,L222,Issue90Test.java,src/test/java/org/mapdb/Issue90Test.java,L151,2,0,20,5,1,1302,2,0
389,L223,IssuesTest.java,src/test/java/org/mapdb/IssuesTest.java,L151,1,0,11,2,1,1302,0,0
390,L224,JSR166TestCase.java,src/test/java/org/mapdb/JSR166TestCase.java,L151,1,0,25,1,1,1302,0,0
391,L225,LoggerVolume.java,src/test/java/org/mapdb/LoggerVolume.java,L151,1,0,155,11,2,1302,1,0
392,L226,LongConcurrentHashMapTest.java,src/test/java/org/mapdb/LongConcurrentHashMapTest.java,L151,6,0,134,4,1,1302,0,0
393,L227,LongHashMapTest.java,src/test/java/org/mapdb/LongHashMapTest.java,L151,6,0,109,9,2,1302,0,0
394,L228,MapInterfaceTest.java,src/test/java/org/mapdb/MapInterfaceTest.java,L151,196,0,1334,6,2,1302,0,0
395,L229,MapListenerTest.java,src/test/java/org/mapdb/MapListenerTest.java,L151,16,0,44,5,1,1302,0,0
396,L230,Pump_InMemory_Import_Then_Save_To_Disk.java,src/test/java/org/mapdb/Pump_InMemory_Import_Then_Save_To_Disk.java,L151,3,0,20,4,1,1302,0,0
397,L231,PumpTest.java,src/test/java/org/mapdb/PumpTest.java,L151,42,0,289,17,1,1302,0,0
398,L232,QueuesTest.java,src/test/java/org/mapdb/QueuesTest.java,L151,3,0,110,10,1,1302,0,0
399,L233,Serialization2Bean.java,src/test/java/org/mapdb/Serialization2Bean.java,L151,32,0,88,1,1,1302,0,0
400,L234,Serialization2Test.java,src/test/java/org/mapdb/Serialization2Test.java,L151,1,0,67,8,1,1302,0,0
401,L235,Serialized2DerivedBean.java,src/test/java/org/mapdb/Serialized2DerivedBean.java,L151,28,0,63,1,1,1302,0,0
402,L236,SerializerBaseTest.java,src/test/java/org/mapdb/SerializerBaseTest.java,L151,45,0,634,35,1,1302,6,0
403,L237,SerializerPojoTest.java,src/test/java/org/mapdb/SerializerPojoTest.java,L151,21,0,267,18,2,1302,2,0
404,L238,SerializerTest.java,src/test/java/org/mapdb/SerializerTest.java,L151,1,0,33,6,1,1302,0,0
405,L239,StoreAppendTest.java,src/test/java/org/mapdb/StoreAppendTest.java,L151,3,0,84,10,1,1302,1,0
406,L240,StoreDirectFreeSpaceTest.java,src/test/java/org/mapdb/StoreDirectFreeSpaceTest.java,L151,11,0,102,14,1,1302,2,0
407,L241,StoreDirectTest.java,src/test/java/org/mapdb/StoreDirectTest.java,L151,27,0,356,27,1,1302,1,0
408,L242,StoreHeapTest.java,src/test/java/org/mapdb/StoreHeapTest.java,L151,1,0,9,2,1,1302,0,0
409,L243,StoreTest.java,src/test/java/org/mapdb/StoreTest.java,L151,2,0,37,2,1,1302,1,0
410,L244,StoreWALTest.java,src/test/java/org/mapdb/StoreWALTest.java,L151,3,0,64,16,1,1302,1,0
411,L245,TestFile.java,src/test/java/org/mapdb/TestFile.java,L151,4,0,18,19,2,1302,2,0
412,L246,TestTransactions.java,src/test/java/org/mapdb/TestTransactions.java,L151,5,0,91,2,1,1302,0,0
413,L247,TreeMapExtendTest.java,src/test/java/org/mapdb/TreeMapExtendTest.java,L151,1375,0,11297,3,1,1302,0,0
414,L248,TxEngineTest.java,src/test/java/org/mapdb/TxEngineTest.java,L151,1,0,76,7,1,1302,1,0
415,L249,TxMakerTest.java,src/test/java/org/mapdb/TxMakerTest.java,L151,23,0,192,13,1,1302,5,0
416,L250,UtilsTest.java,src/test/java/org/mapdb/UtilsTest.java,L151,6,0,98,10,1,1302,1,0
417,L16269,_HelloWorld.java,src/test/java/examples/_HelloWorld.java,L16268,1,0,22,2,1,1302,0,0
418,L16270,_TempMap.java,src/test/java/examples/_TempMap.java,L16268,1,0,12,1,1,1302,0,0
419,L16271,Bidi_Map.java,src/test/java/examples/Bidi_Map.java,L16268,2,0,21,8,2,1302,0,0
420,L16272,CacheEntryExpiry.java,src/test/java/examples/CacheEntryExpiry.java,L16268,3,0,36,6,1,1302,0,0
421,L16273,CacheOffHeap.java,src/test/java/examples/CacheOffHeap.java,L16268,3,0,24,2,1,1302,0,0
422,L16274,CacheOffHeapAdvanced.java,src/test/java/examples/CacheOffHeapAdvanced.java,L16268,3,0,32,3,1,1302,0,0
423,L16275,Compression.java,src/test/java/examples/Compression.java,L16268,1,0,22,9,1,1302,0,0
424,L16276,Custom_Value.java,src/test/java/examples/Custom_Value.java,L16268,8,0,67,13,2,1302,0,0
425,L16277,DBMakerExtend.java,src/test/java/examples/DBMakerExtend.java,L16268,3,0,89,3,1,1302,0,0
426,L16278,Histogram.java,src/test/java/examples/Histogram.java,L16268,5,0,26,1,1,1302,0,0
427,L16279,Huge_Insert.java,src/test/java/examples/Huge_Insert.java,L16268,2,0,57,9,1,1302,0,0
428,L16280,Lazily_Loaded_Records.java,src/test/java/examples/Lazily_Loaded_Records.java,L16268,1,0,21,6,1,1302,0,0
429,L16281,Map_Size_Counter.java,src/test/java/examples/Map_Size_Counter.java,L16268,1,0,22,6,1,1302,0,0
430,L16282,MultiMap.java,src/test/java/examples/MultiMap.java,L16268,2,0,25,8,1,1302,0,0
431,L16283,Secondary_Key.java,src/test/java/examples/Secondary_Key.java,L16268,1,0,25,6,2,1302,0,0
432,L16284,Secondary_Map.java,src/test/java/examples/Secondary_Map.java,L16268,1,0,21,3,1,1302,0,0
433,L16285,Secondary_Values.java,src/test/java/examples/Secondary_Values.java,L16268,2,0,33,3,1,1302,0,0
434,L16286,SQL_Auto_Incremental_Unique_Key.java,src/test/java/examples/SQL_Auto_Incremental_Unique_Key.java,L16268,1,0,16,2,1,1302,0,0
435,L16287,Transactions.java,src/test/java/examples/Transactions.java,L16268,3,0,46,4,1,1302,0,0
436,L16288,Transactions2.java,src/test/java/examples/Transactions2.java,L16268,1,0,19,1,1,1302,0,0
437,L16289,TreeMap_Composite_Key.java,src/test/java/examples/TreeMap_Composite_Key.java,L16268,7,0,55,6,2,1302,0,0
438,L16290,TreeMap_Performance_Tunning.java,src/test/java/examples/TreeMap_Performance_Tunning.java,L16268,6,0,48,7,1,1302,0,0
439,L111,AsyncWriteEngine.java,src/main/java/org/mapdb/AsyncWriteEngine.java,L110,54,0,264,73,5,1302,4,0
440,L112,Atomic.java,src/main/java/org/mapdb/Atomic.java,L110,36,0,287,10,1,1302,1,0
441,L113,Bind.java,src/main/java/org/mapdb/Bind.java,L110,68,0,262,21,2,1302,0,0
442,L114,BTreeKeySerializer.java,src/main/java/org/mapdb/BTreeKeySerializer.java,L110,171,0,806,27,1,1302,1,1
443,L115,BTreeMap.java,src/main/java/org/mapdb/BTreeMap.java,L110,455,0,2168,95,4,1302,8,0
444,L116,Caches.java,src/main/java/org/mapdb/Caches.java,L110,107,0,680,15,1,1302,0,0
445,L117,CC.java,src/main/java/org/mapdb/CC.java,L110,1,0,18,26,1,1302,1,0
446,L118,CompressLZF.java,src/main/java/org/mapdb/CompressLZF.java,L110,37,0,180,16,1,1302,3,0
447,L119,DataInput2.java,src/main/java/org/mapdb/DataInput2.java,L110,3,0,132,12,1,1302,1,0
448,L120,DataIO.java,src/main/java/org/mapdb/DataIO.java,L110,6,0,159,2,1,1302,0,0
449,L121,DataOutput2.java,src/main/java/org/mapdb/DataOutput2.java,L110,15,0,143,18,1,1302,1,0
450,L122,DB.java,src/main/java/org/mapdb/DB.java,L110,164,0,1141,83,3,1302,5,2
451,L123,DBMaker.java,src/main/java/org/mapdb/DBMaker.java,L110,55,0,506,108,2,1302,8,0
452,L124,EncryptionXTEA.java,src/main/java/org/mapdb/EncryptionXTEA.java,L110,10,0,166,11,1,1302,0,0
453,L125,Engine.java,src/main/java/org/mapdb/Engine.java,L110,1,0,29,30,2,1302,2,0
454,L126,EngineWrapper.java,src/main/java/org/mapdb/EngineWrapper.java,L110,25,0,435,40,3,1302,3,0
455,L127,Fun.java,src/main/java/org/mapdb/Fun.java,L110,162,0,752,29,1,1302,1,0
456,L128,Hasher.java,src/main/java/org/mapdb/Hasher.java,L110,1,0,76,3,1,1302,0,0
457,L129,HTreeMap.java,src/main/java/org/mapdb/HTreeMap.java,L110,243,0,1276,76,3,1302,2,2
458,L130,LongConcurrentHashMap.java,src/main/java/org/mapdb/LongConcurrentHashMap.java,L110,102,0,517,12,2,1302,0,0
459,L131,LongConcurrentLRUMap.java,src/main/java/org/mapdb/LongConcurrentLRUMap.java,L110,57,0,408,13,1,1302,1,0
460,L132,LongHashMap.java,src/main/java/org/mapdb/LongHashMap.java,L110,31,0,286,14,2,1302,0,0
461,L133,LongMap.java,src/main/java/org/mapdb/LongMap.java,L110,3,0,38,7,2,1302,0,0
462,L134,Pump.java,src/main/java/org/mapdb/Pump.java,L110,59,0,315,31,1,1302,3,0
463,L135,Queues.java,src/main/java/org/mapdb/Queues.java,L110,38,0,344,22,2,1302,1,0
464,L136,Serializer.java,src/main/java/org/mapdb/Serializer.java,L110,27,0,367,37,2,1302,0,0
465,L137,SerializerBase.java,src/main/java/org/mapdb/SerializerBase.java,L110,492,0,1746,70,1,1302,5,0
466,L138,SerializerPojo.java,src/main/java/org/mapdb/SerializerPojo.java,L110,73,0,495,45,2,1302,3,0
467,L139,Store.java,src/main/java/org/mapdb/Store.java,L110,38,0,276,38,2,1302,4,0
468,L140,StoreAppend.java,src/main/java/org/mapdb/StoreAppend.java,L110,85,0,580,52,1,1302,6,0
469,L141,StoreDirect.java,src/main/java/org/mapdb/StoreDirect.java,L110,181,0,890,93,4,1302,10,0
470,L142,StoreHeap.java,src/main/java/org/mapdb/StoreHeap.java,L110,34,0,268,23,1,1302,0,0
471,L143,StoreWAL.java,src/main/java/org/mapdb/StoreWAL.java,L110,187,0,946,83,2,1302,13,1
472,L144,TxBlock.java,src/main/java/org/mapdb/TxBlock.java,L110,1,0,4,2,1,1302,0,0
473,L145,TxEngine.java,src/main/java/org/mapdb/TxEngine.java,L110,61,0,524,25,1,1302,2,1
474,L146,TxMaker.java,src/main/java/org/mapdb/TxMaker.java,L110,13,0,57,30,1,1302,4,0
475,L147,TxRollbackException.java,src/main/java/org/mapdb/TxRollbackException.java,L110,1,0,4,3,1,1302,0,0
476,L148,Volume.java,src/main/java/org/mapdb/Volume.java,L110,106,0,964,76,4,1302,12,0
477,L153,AsyncWriteEngineTest.java,src/test/java/org/mapdb/AsyncWriteEngineTest.java,L152,8,0,98,27,1,1302,0,0
478,L154,AtomicBooleanTest.java,src/test/java/org/mapdb/AtomicBooleanTest.java,L152,2,0,61,9,1,1302,0,0
479,L155,AtomicIntegerTest.java,src/test/java/org/mapdb/AtomicIntegerTest.java,L152,6,0,119,8,1,1302,0,0
480,L156,AtomicLongTest.java,src/test/java/org/mapdb/AtomicLongTest.java,L152,6,0,131,9,1,1302,0,0
481,L157,BindTest.java,src/test/java/org/mapdb/BindTest.java,L152,12,0,157,6,1,1302,1,0
482,L158,BrokenDBTest.java,src/test/java/org/mapdb/BrokenDBTest.java,L152,11,0,108,12,1,1302,2,0
483,L159,BTreeKeySerializerTest.java,src/test/java/org/mapdb/BTreeKeySerializerTest.java,L152,25,0,246,11,1,1302,0,0
484,L160,BTreeMapContainsKeyTest.java,src/test/java/org/mapdb/BTreeMapContainsKeyTest.java,L152,1,0,38,9,2,1302,1,0
485,L161,BTreeMapExtendTest.java,src/test/java/org/mapdb/BTreeMapExtendTest.java,L152,811,0,6251,5,1,1302,0,0
486,L162,BTreeMapLargeValsTest.java,src/test/java/org/mapdb/BTreeMapLargeValsTest.java,L152,2,0,39,22,1,1302,1,0
487,L163,BTreeMapNavigable2Test.java,src/test/java/org/mapdb/BTreeMapNavigable2Test.java,L152,12,0,387,10,2,1302,0,0
488,L164,BTreeMapNavigableSubMapExclusiveTest.java,src/test/java/org/mapdb/BTreeMapNavigableSubMapExclusiveTest.java,L152,1,0,15,5,2,1302,0,0
489,L165,BTreeMapNavigableSubMapInclusiveTest.java,src/test/java/org/mapdb/BTreeMapNavigableSubMapInclusiveTest.java,L152,1,0,13,5,2,1302,0,0
490,L166,BTreeMapNavigableTest.java,src/test/java/org/mapdb/BTreeMapNavigableTest.java,L152,1,0,243,6,1,1302,0,0
491,L167,BTreeMapParTest.java,src/test/java/org/mapdb/BTreeMapParTest.java,L152,3,0,34,2,1,1302,0,0
492,L168,BTreeMapSubSetTest.java,src/test/java/org/mapdb/BTreeMapSubSetTest.java,L152,47,0,585,6,1,1302,0,0
493,L169,BTreeMapTest.java,src/test/java/org/mapdb/BTreeMapTest.java,L152,33,0,353,42,2,1302,3,0
494,L170,BTreeMapTest2.java,src/test/java/org/mapdb/BTreeMapTest2.java,L152,2,0,38,22,1,1302,1,0
495,L171,BTreeMapTest3.java,src/test/java/org/mapdb/BTreeMapTest3.java,L152,30,0,212,4,1,1302,0,0
496,L172,BTreeMapTest4.java,src/test/java/org/mapdb/BTreeMapTest4.java,L152,122,0,1390,10,1,1302,0,0
497,L173,BTreeMapTest5.java,src/test/java/org/mapdb/BTreeMapTest5.java,L152,47,0,982,6,1,1302,0,0
498,L174,BTreeMapTest6.java,src/test/java/org/mapdb/BTreeMapTest6.java,L152,111,0,927,7,1,1302,0,0
499,L175,BTreeSet2Test.java,src/test/java/org/mapdb/BTreeSet2Test.java,L152,98,0,685,9,1,1302,0,0
500,L176,BTreeSet3Test.java,src/test/java/org/mapdb/BTreeSet3Test.java,L152,51,0,783,3,1,1302,0,0
501,L177,BTreeSetTest.java,src/test/java/org/mapdb/BTreeSetTest.java,L152,1,0,13,13,2,1302,0,0
502,L178,CacheWeakSoftRefTest.java,src/test/java/org/mapdb/CacheWeakSoftRefTest.java,L152,5,0,43,7,1,1302,0,0
503,L179,CCTest.java,src/test/java/org/mapdb/CCTest.java,L152,3,0,13,2,1,1302,0,0
504,L180,ClosedThrowsExceptionTest.java,src/test/java/org/mapdb/ClosedThrowsExceptionTest.java,L152,1,0,118,2,1,1302,0,0
505,L181,CompressTest.java,src/test/java/org/mapdb/CompressTest.java,L152,1,0,46,21,1,1302,0,0
506,L182,ConcurrentMapInterfaceTest.java,src/test/java/org/mapdb/ConcurrentMapInterfaceTest.java,L152,110,0,686,3,1,1302,0,0
507,L183,DataOutput2Test.java,src/test/java/org/mapdb/DataOutput2Test.java,L152,1,0,25,2,1,1302,0,0
508,L184,DBMakerTest.java,src/test/java/org/mapdb/DBMakerTest.java,L152,3,0,335,41,1,1302,2,0
509,L185,DBTest.java,src/test/java/org/mapdb/DBTest.java,L152,1,0,104,18,1,1302,3,0
510,L186,DebugVolume.java,src/test/java/org/mapdb/DebugVolume.java,L152,2,0,121,10,2,1302,1,0
511,L187,EngineTest.java,src/test/java/org/mapdb/EngineTest.java,L152,13,0,188,9,1,1302,0,0
512,L188,EngineWrapper_ImmutabilityCheckEngine.java,src/test/java/org/mapdb/EngineWrapper_ImmutabilityCheckEngine.java,L152,3,0,31,10,1,1302,1,0
513,L189,ExamplesTest.java,src/test/java/org/mapdb/ExamplesTest.java,L152,1,0,64,10,1,1302,0,0
514,L190,FunTest.java,src/test/java/org/mapdb/FunTest.java,L152,55,0,182,4,1,1302,0,0
515,L191,HTreeMap2Test.java,src/test/java/org/mapdb/HTreeMap2Test.java,L152,52,0,502,41,1,1302,1,0
516,L192,HTreeMap3Test.java,src/test/java/org/mapdb/HTreeMap3Test.java,L152,2,0,35,23,1,1302,1,0
517,L193,HTreeSetTest.java,src/test/java/org/mapdb/HTreeSetTest.java,L152,3,0,90,27,1,1302,1,0
518,L194,Issue112Test.java,src/test/java/org/mapdb/Issue112Test.java,L152,1,0,16,4,1,1302,1,0
519,L195,Issue114Test.java,src/test/java/org/mapdb/Issue114Test.java,L152,1,0,10,4,1,1302,0,0
520,L196,Issue132Test.java,src/test/java/org/mapdb/Issue132Test.java,L152,9,0,71,6,1,1302,2,0
521,L197,Issue148Test.java,src/test/java/org/mapdb/Issue148Test.java,L152,12,0,124,7,1,1302,1,0
522,L198,Issue150Test.java,src/test/java/org/mapdb/Issue150Test.java,L152,12,0,91,5,1,1302,0,0
523,L199,Issue154Test.java,src/test/java/org/mapdb/Issue154Test.java,L152,1,0,55,4,1,1302,0,0
524,L200,Issue157Test.java,src/test/java/org/mapdb/Issue157Test.java,L152,5,0,34,2,1,1302,0,0
525,L201,Issue162Test.java,src/test/java/org/mapdb/Issue162Test.java,L152,5,0,89,5,1,1302,0,0
526,L202,Issue164Test.java,src/test/java/org/mapdb/Issue164Test.java,L152,7,0,91,2,1,1302,0,0
527,L203,Issue170Test.java,src/test/java/org/mapdb/Issue170Test.java,L152,2,0,17,3,1,1302,1,0
528,L204,Issue183Test.java,src/test/java/org/mapdb/Issue183Test.java,L152,1,0,54,4,1,1302,0,0
529,L205,Issue198Test.java,src/test/java/org/mapdb/Issue198Test.java,L152,2,0,14,4,1,1302,2,0
530,L206,Issue237Test.java,src/test/java/org/mapdb/Issue237Test.java,L152,1,0,31,4,1,1302,1,0
531,L207,Issue241.java,src/test/java/org/mapdb/Issue241.java,L152,1,0,44,4,1,1302,0,0
532,L208,Issue247Test.java,src/test/java/org/mapdb/Issue247Test.java,L152,1,0,25,4,1,1302,0,0
533,L209,Issue249Test.java,src/test/java/org/mapdb/Issue249Test.java,L152,6,0,82,4,1,1302,0,0
534,L210,Issue254Test.java,src/test/java/org/mapdb/Issue254Test.java,L152,13,0,163,4,1,1302,0,0
535,L211,Issue258Test.java,src/test/java/org/mapdb/Issue258Test.java,L152,5,0,29,1,1,1302,1,0
536,L212,Issue265Test.java,src/test/java/org/mapdb/Issue265Test.java,L152,1,0,41,1,1,1302,1,0
537,L213,Issue266Test.java,src/test/java/org/mapdb/Issue266Test.java,L152,1,0,54,2,1,1302,1,0
538,L214,Issue308Test.java,src/test/java/org/mapdb/Issue308Test.java,L152,1,0,32,2,1,1302,1,0
539,L215,Issue312Test.java,src/test/java/org/mapdb/Issue312Test.java,L152,2,0,26,1,1,1302,1,0
540,L216,Issue321Test.java,src/test/java/org/mapdb/Issue321Test.java,L152,1,0,15,1,1,1302,1,0
541,L217,Issue332Test.java,src/test/java/org/mapdb/Issue332Test.java,L152,4,0,78,1,1,1302,1,0
542,L218,Issue353Test.java,src/test/java/org/mapdb/Issue353Test.java,L152,6,0,73,1,1,1302,1,0
543,L219,Issue37Test.java,src/test/java/org/mapdb/Issue37Test.java,L152,6,0,43,11,1,1302,0,0
544,L220,Issue41Test.java,src/test/java/org/mapdb/Issue41Test.java,L152,23,0,214,10,1,1302,0,0
545,L221,Issue69Test.java,src/test/java/org/mapdb/Issue69Test.java,L152,6,0,50,9,1,1302,0,0
546,L222,Issue77Test.java,src/test/java/org/mapdb/Issue77Test.java,L152,4,0,52,3,1,1302,0,0
547,L223,Issue78Test.java,src/test/java/org/mapdb/Issue78Test.java,L152,1,0,22,4,2,1302,0,0
548,L224,Issue86Test.java,src/test/java/org/mapdb/Issue86Test.java,L152,5,0,51,3,1,1302,0,0
549,L225,Issue89Test.java,src/test/java/org/mapdb/Issue89Test.java,L152,2,0,53,3,1,1302,1,0
550,L226,Issue90Test.java,src/test/java/org/mapdb/Issue90Test.java,L152,2,0,20,5,1,1302,2,0
551,L227,IssuesTest.java,src/test/java/org/mapdb/IssuesTest.java,L152,1,0,11,2,1,1302,0,0
552,L228,JSR166TestCase.java,src/test/java/org/mapdb/JSR166TestCase.java,L152,1,0,25,1,1,1302,0,0
553,L229,LoggerVolume.java,src/test/java/org/mapdb/LoggerVolume.java,L152,1,0,159,12,2,1302,1,0
554,L230,LongConcurrentHashMapTest.java,src/test/java/org/mapdb/LongConcurrentHashMapTest.java,L152,6,0,134,4,1,1302,0,0
555,L231,LongConcurrentLRUMapTest.java,src/test/java/org/mapdb/LongConcurrentLRUMapTest.java,L152,4,0,16,1,1,1302,1,0
556,L232,LongHashMapTest.java,src/test/java/org/mapdb/LongHashMapTest.java,L152,6,0,109,9,2,1302,0,0
557,L233,MapInterfaceTest.java,src/test/java/org/mapdb/MapInterfaceTest.java,L152,196,0,1334,6,2,1302,0,0
558,L234,MapListenerTest.java,src/test/java/org/mapdb/MapListenerTest.java,L152,16,0,44,5,1,1302,0,0
559,L235,Pump_InMemory_Import_Then_Save_To_Disk.java,src/test/java/org/mapdb/Pump_InMemory_Import_Then_Save_To_Disk.java,L152,3,0,20,4,1,1302,0,0
560,L236,PumpComparableValueTest.java,src/test/java/org/mapdb/PumpComparableValueTest.java,L152,1,0,71,1,1,1302,0,0
561,L237,PumpTest.java,src/test/java/org/mapdb/PumpTest.java,L152,42,0,289,17,1,1302,0,0
562,L238,QueuesTest.java,src/test/java/org/mapdb/QueuesTest.java,L152,3,0,110,11,1,1302,0,0
563,L239,Serialization2Bean.java,src/test/java/org/mapdb/Serialization2Bean.java,L152,32,0,88,1,1,1302,0,0
564,L240,Serialization2Test.java,src/test/java/org/mapdb/Serialization2Test.java,L152,1,0,67,8,1,1302,0,0
565,L241,Serialized2DerivedBean.java,src/test/java/org/mapdb/Serialized2DerivedBean.java,L152,28,0,63,1,1,1302,0,0
566,L242,SerializerBaseTest.java,src/test/java/org/mapdb/SerializerBaseTest.java,L152,45,0,634,35,1,1302,6,0
567,L243,SerializerPojoTest.java,src/test/java/org/mapdb/SerializerPojoTest.java,L152,23,0,308,19,2,1302,2,0
568,L244,SerializerTest.java,src/test/java/org/mapdb/SerializerTest.java,L152,1,0,33,6,1,1302,0,0
569,L245,StoreAppendTest.java,src/test/java/org/mapdb/StoreAppendTest.java,L152,3,0,83,11,1,1302,1,0
570,L246,StoreDirectFreeSpaceTest.java,src/test/java/org/mapdb/StoreDirectFreeSpaceTest.java,L152,11,0,102,15,1,1302,2,0
571,L247,StoreDirectTest.java,src/test/java/org/mapdb/StoreDirectTest.java,L152,27,0,356,28,1,1302,1,0
572,L248,StoreHeapTest.java,src/test/java/org/mapdb/StoreHeapTest.java,L152,1,0,9,2,1,1302,0,0
573,L249,StoreTest.java,src/test/java/org/mapdb/StoreTest.java,L152,2,0,37,2,1,1302,1,0
574,L250,StoreWALTest.java,src/test/java/org/mapdb/StoreWALTest.java,L152,13,0,146,20,1,1302,3,0
575,L251,TestFile.java,src/test/java/org/mapdb/TestFile.java,L152,4,0,18,20,2,1302,2,0
576,L252,TestTransactions.java,src/test/java/org/mapdb/TestTransactions.java,L152,5,0,91,2,1,1302,0,0
577,L253,TreeMapExtendTest.java,src/test/java/org/mapdb/TreeMapExtendTest.java,L152,1375,0,11297,3,1,1302,0,0
578,L254,TxEngineTest.java,src/test/java/org/mapdb/TxEngineTest.java,L152,1,0,76,8,1,1302,1,0
579,L255,TxMakerTest.java,src/test/java/org/mapdb/TxMakerTest.java,L152,23,0,192,13,1,1302,5,0
580,L256,UtilsTest.java,src/test/java/org/mapdb/UtilsTest.java,L152,6,0,98,10,1,1302,1,0
581,L17151,_HelloWorld.java,src/test/java/examples/_HelloWorld.java,L17150,1,0,22,2,1,1302,0,0
582,L17152,_TempMap.java,src/test/java/examples/_TempMap.java,L17150,1,0,11,2,1,1302,0,0
583,L17153,Bidi_Map.java,src/test/java/examples/Bidi_Map.java,L17150,2,0,21,9,2,1302,0,0
584,L17154,CacheEntryExpiry.java,src/test/java/examples/CacheEntryExpiry.java,L17150,3,0,35,7,1,1302,0,0
585,L17155,CacheOffHeap.java,src/test/java/examples/CacheOffHeap.java,L17150,3,0,24,2,1,1302,0,0
586,L17156,CacheOffHeapAdvanced.java,src/test/java/examples/CacheOffHeapAdvanced.java,L17150,3,0,32,3,1,1302,0,0
587,L17157,Compression.java,src/test/java/examples/Compression.java,L17150,1,0,22,10,1,1302,0,0
588,L17158,Custom_Value.java,src/test/java/examples/Custom_Value.java,L17150,8,0,67,14,2,1302,0,0
589,L17159,Histogram.java,src/test/java/examples/Histogram.java,L17150,5,0,26,1,1,1302,0,0
590,L17160,Huge_Insert.java,src/test/java/examples/Huge_Insert.java,L17150,2,0,57,11,1,1302,0,0
591,L17161,Lazily_Loaded_Records.java,src/test/java/examples/Lazily_Loaded_Records.java,L17150,1,0,21,6,1,1302,0,0
592,L17162,Map_Size_Counter.java,src/test/java/examples/Map_Size_Counter.java,L17150,1,0,22,7,1,1302,0,0
593,L17163,MultiMap.java,src/test/java/examples/MultiMap.java,L17150,2,0,25,9,1,1302,0,0
594,L17164,Secondary_Key.java,src/test/java/examples/Secondary_Key.java,L17150,1,0,25,7,2,1302,0,0
595,L17165,Secondary_Map.java,src/test/java/examples/Secondary_Map.java,L17150,1,0,21,3,1,1302,0,0
596,L17166,Secondary_Values.java,src/test/java/examples/Secondary_Values.java,L17150,2,0,36,4,1,1302,0,0
597,L17167,SQL_Auto_Incremental_Unique_Key.java,src/test/java/examples/SQL_Auto_Incremental_Unique_Key.java,L17150,1,0,16,2,1,1302,0,0
598,L17168,Transactions.java,src/test/java/examples/Transactions.java,L17150,3,0,46,4,1,1302,0,0
599,L17169,Transactions2.java,src/test/java/examples/Transactions2.java,L17150,1,0,19,1,1,1302,0,0
600,L17170,TreeMap_Composite_Key.java,src/test/java/examples/TreeMap_Composite_Key.java,L17150,1,0,13,8,2,1302,0,0
601,L17171,TreeMap_Performance_Tunning.java,src/test/java/examples/TreeMap_Performance_Tunning.java,L17150,6,0,48,8,1,1302,0,0
602,L111,Atomic.java,src/main/java/org/mapdb/Atomic.java,L110,36,0,304,13,1,1302,1,0
603,L112,Bind.java,src/main/java/org/mapdb/Bind.java,L110,68,0,283,25,2,1302,0,0
604,L113,BTreeKeySerializer.java,src/main/java/org/mapdb/BTreeKeySerializer.java,L110,219,0,1557,44,1,1302,1,1
605,L114,BTreeMap.java,src/main/java/org/mapdb/BTreeMap.java,L110,546,0,2507,143,4,1302,8,1
606,L115,CC.java,src/main/java/org/mapdb/CC.java,L110,1,0,18,33,1,1302,1,0
607,L116,CompressLZF.java,src/main/java/org/mapdb/CompressLZF.java,L110,41,0,182,17,1,1302,3,0
608,L117,DataIO.java,src/main/java/org/mapdb/DataIO.java,L110,54,0,725,24,1,1302,0,0
609,L118,DB.java,src/main/java/org/mapdb/DB.java,L110,155,0,1260,107,3,1302,7,1
610,L119,DBException.java,src/main/java/org/mapdb/DBException.java,L110,2,0,79,4,1,1302,0,0
611,L120,DBMaker.java,src/main/java/org/mapdb/DBMaker.java,L110,59,0,602,128,2,1302,8,0
612,L121,EncryptionXTEA.java,src/main/java/org/mapdb/EncryptionXTEA.java,L110,14,0,168,13,1,1302,0,0
613,L122,Engine.java,src/main/java/org/mapdb/Engine.java,L110,1,0,100,38,2,1302,2,0
614,L123,Fun.java,src/main/java/org/mapdb/Fun.java,L110,59,0,308,36,1,1302,1,0
615,L124,HTreeMap.java,src/main/java/org/mapdb/HTreeMap.java,L110,311,0,1486,96,3,1302,3,1
616,L125,LongConcurrentHashMap.java,src/main/java/org/mapdb/LongConcurrentHashMap.java,L110,104,0,529,14,2,1302,0,0
617,L126,Pump.java,src/main/java/org/mapdb/Pump.java,L110,75,0,396,46,1,1302,3,0
618,L127,Queues.java,src/main/java/org/mapdb/Queues.java,L110,29,0,313,26,2,1302,1,0
619,L128,Serializer.java,src/main/java/org/mapdb/Serializer.java,L110,57,0,1029,47,2,1302,0,0
620,L129,SerializerBase.java,src/main/java/org/mapdb/SerializerBase.java,L110,218,0,1660,87,1,1302,5,0
621,L130,SerializerPojo.java,src/main/java/org/mapdb/SerializerPojo.java,L110,69,0,442,55,3,1302,3,0
622,L131,Store.java,src/main/java/org/mapdb/Store.java,L110,222,0,1253,61,2,1302,4,0
623,L132,StoreAppend.java,src/main/java/org/mapdb/StoreAppend.java,L110,52,0,370,67,1,1302,6,0
624,L133,StoreCached.java,src/main/java/org/mapdb/StoreCached.java,L110,64,0,284,12,1,1302,0,2
625,L134,StoreDirect.java,src/main/java/org/mapdb/StoreDirect.java,L110,179,0,669,128,4,1302,10,2
626,L135,StoreHeap.java,src/main/java/org/mapdb/StoreHeap.java,L110,38,0,215,37,1,1302,0,0
627,L136,StoreWAL.java,src/main/java/org/mapdb/StoreWAL.java,L110,139,0,657,112,2,1302,14,2
628,L137,TxBlock.java,src/main/java/org/mapdb/TxBlock.java,L110,1,0,4,2,1,1302,0,0
629,L138,TxEngine.java,src/main/java/org/mapdb/TxEngine.java,L110,69,0,501,37,1,1302,3,0
630,L139,TxMaker.java,src/main/java/org/mapdb/TxMaker.java,L110,12,0,55,31,1,1302,4,0
631,L140,TxRollbackException.java,src/main/java/org/mapdb/TxRollbackException.java,L110,1,0,4,3,1,1302,0,0
632,L141,Volume.java,src/main/java/org/mapdb/Volume.java,L110,235,0,1945,103,4,1302,12,4
633,L146,AsyncWriteEngineTest.java,src/test/java/org/mapdb/AsyncWriteEngineTest.java,L145,1,0,12,29,1,1302,0,0
634,L147,AtomicBooleanTest.java,src/test/java/org/mapdb/AtomicBooleanTest.java,L145,2,0,62,10,1,1302,0,0
635,L148,AtomicIntegerTest.java,src/test/java/org/mapdb/AtomicIntegerTest.java,L145,6,0,119,8,1,1302,0,0
636,L149,AtomicLongTest.java,src/test/java/org/mapdb/AtomicLongTest.java,L145,6,0,131,9,1,1302,0,0
637,L150,BindTest.java,src/test/java/org/mapdb/BindTest.java,L145,12,0,162,9,1,1302,1,0
638,L151,BrokenDBTest.java,src/test/java/org/mapdb/BrokenDBTest.java,L145,10,0,90,16,1,1302,2,0
639,L152,BTreeKeySerializerTest.java,src/test/java/org/mapdb/BTreeKeySerializerTest.java,L145,20,0,369,20,1,1302,0,0
640,L153,BTreeMapContainsKeyTest.java,src/test/java/org/mapdb/BTreeMapContainsKeyTest.java,L145,1,0,47,13,2,1302,1,0
641,L154,BTreeMapExtendTest.java,src/test/java/org/mapdb/BTreeMapExtendTest.java,L145,811,0,6258,7,1,1302,0,0
642,L155,BTreeMapLargeValsTest.java,src/test/java/org/mapdb/BTreeMapLargeValsTest.java,L145,2,0,51,27,1,1302,1,0
643,L156,BTreeMapNavigable2Test.java,src/test/java/org/mapdb/BTreeMapNavigable2Test.java,L145,12,0,400,13,2,1302,0,0
644,L157,BTreeMapNavigableSubMapExclusiveTest.java,src/test/java/org/mapdb/BTreeMapNavigableSubMapExclusiveTest.java,L145,1,0,22,7,2,1302,0,0
645,L158,BTreeMapNavigableSubMapInclusiveTest.java,src/test/java/org/mapdb/BTreeMapNavigableSubMapInclusiveTest.java,L145,1,0,19,7,2,1302,0,0
646,L159,BTreeMapNavigableTest.java,src/test/java/org/mapdb/BTreeMapNavigableTest.java,L145,1,0,255,9,1,1302,0,0
647,L160,BTreeMapParTest.java,src/test/java/org/mapdb/BTreeMapParTest.java,L145,2,0,30,3,1,1302,0,0
648,L161,BTreeMapSubSetTest.java,src/test/java/org/mapdb/BTreeMapSubSetTest.java,L145,47,0,582,8,1,1302,0,0
649,L162,BTreeMapTest.java,src/test/java/org/mapdb/BTreeMapTest.java,L145,53,0,502,67,2,1302,3,0
650,L163,BTreeMapTest2.java,src/test/java/org/mapdb/BTreeMapTest2.java,L145,2,0,49,27,1,1302,1,0
651,L164,BTreeMapTest3.java,src/test/java/org/mapdb/BTreeMapTest3.java,L145,30,0,218,6,1,1302,0,0
652,L165,BTreeMapTest4.java,src/test/java/org/mapdb/BTreeMapTest4.java,L145,122,0,1422,13,1,1302,0,0
653,L166,BTreeMapTest5.java,src/test/java/org/mapdb/BTreeMapTest5.java,L145,47,0,983,9,1,1302,0,0
654,L167,BTreeMapTest6.java,src/test/java/org/mapdb/BTreeMapTest6.java,L145,111,0,929,9,1,1302,0,0
655,L168,BTreeSet2Test.java,src/test/java/org/mapdb/BTreeSet2Test.java,L145,98,0,685,11,1,1302,0,0
656,L169,BTreeSet3Test.java,src/test/java/org/mapdb/BTreeSet3Test.java,L145,51,0,777,6,1,1302,0,0
657,L170,BTreeSetTest.java,src/test/java/org/mapdb/BTreeSetTest.java,L145,1,0,13,15,2,1302,0,0
658,L171,CacheWeakSoftRefTest.java,src/test/java/org/mapdb/CacheWeakSoftRefTest.java,L145,1,0,7,9,1,1302,0,0
659,L172,CCTest.java,src/test/java/org/mapdb/CCTest.java,L145,1,0,9,4,1,1302,0,0
660,L173,ClosedThrowsExceptionTest.java,src/test/java/org/mapdb/ClosedThrowsExceptionTest.java,L145,1,0,122,6,1,1302,0,0
661,L174,CompressTest.java,src/test/java/org/mapdb/CompressTest.java,L145,1,0,52,24,1,1302,0,0
662,L175,ConcurrentMapInterfaceTest.java,src/test/java/org/mapdb/ConcurrentMapInterfaceTest.java,L145,110,0,686,3,1,1302,0,0
663,L176,DataIOTest.java,src/test/java/org/mapdb/DataIOTest.java,L145,12,0,107,10,1,1302,0,0
664,L177,DataOutput2Test.java,src/test/java/org/mapdb/DataOutput2Test.java,L145,1,0,25,3,1,1302,0,0
665,L178,DBMakerTest.java,src/test/java/org/mapdb/DBMakerTest.java,L145,2,0,334,49,1,1302,2,0
666,L179,DBTest.java,src/test/java/org/mapdb/DBTest.java,L145,1,0,139,21,1,1302,3,0
667,L180,EngineTest.java,src/test/java/org/mapdb/EngineTest.java,L145,28,0,412,22,1,1302,0,0
668,L181,ExamplesTest.java,src/test/java/org/mapdb/ExamplesTest.java,L145,1,0,64,10,1,1302,0,0
669,L182,Exec.java,src/test/java/org/mapdb/Exec.java,L145,6,0,38,1,1,1302,0,0
670,L183,FunTest.java,src/test/java/org/mapdb/FunTest.java,L145,17,0,50,5,1,1302,0,0
671,L184,HTreeMap2Test.java,src/test/java/org/mapdb/HTreeMap2Test.java,L145,78,0,704,57,1,1302,1,0
672,L185,HTreeMap3Test.java,src/test/java/org/mapdb/HTreeMap3Test.java,L145,2,0,41,27,1,1302,1,0
673,L186,HTreeSetTest.java,src/test/java/org/mapdb/HTreeSetTest.java,L145,3,0,96,31,1,1302,1,0
674,L187,Issue112Test.java,src/test/java/org/mapdb/Issue112Test.java,L145,1,0,16,4,1,1302,1,0
675,L188,Issue114Test.java,src/test/java/org/mapdb/Issue114Test.java,L145,1,0,10,4,1,1302,0,0
676,L189,Issue132Test.java,src/test/java/org/mapdb/Issue132Test.java,L145,9,0,71,6,1,1302,2,0
677,L190,Issue148Test.java,src/test/java/org/mapdb/Issue148Test.java,L145,12,0,120,8,1,1302,1,0
678,L191,Issue150Test.java,src/test/java/org/mapdb/Issue150Test.java,L145,12,0,87,6,1,1302,0,0
679,L192,Issue154Test.java,src/test/java/org/mapdb/Issue154Test.java,L145,1,0,55,4,1,1302,0,0
680,L193,Issue157Test.java,src/test/java/org/mapdb/Issue157Test.java,L145,5,0,34,2,1,1302,0,0
681,L194,Issue162Test.java,src/test/java/org/mapdb/Issue162Test.java,L145,5,0,85,6,1,1302,0,0
682,L195,Issue164Test.java,src/test/java/org/mapdb/Issue164Test.java,L145,7,0,91,2,1,1302,0,0
683,L196,Issue170Test.java,src/test/java/org/mapdb/Issue170Test.java,L145,2,0,17,3,1,1302,1,0
684,L197,Issue183Test.java,src/test/java/org/mapdb/Issue183Test.java,L145,1,0,50,5,1,1302,0,0
685,L198,Issue198Test.java,src/test/java/org/mapdb/Issue198Test.java,L145,2,0,14,4,1,1302,2,0
686,L199,Issue237Test.java,src/test/java/org/mapdb/Issue237Test.java,L145,1,0,31,4,1,1302,1,0
687,L200,Issue241.java,src/test/java/org/mapdb/Issue241.java,L145,1,0,44,4,1,1302,0,0
688,L201,Issue247Test.java,src/test/java/org/mapdb/Issue247Test.java,L145,1,0,25,4,1,1302,0,0
689,L202,Issue249Test.java,src/test/java/org/mapdb/Issue249Test.java,L145,6,0,82,4,1,1302,0,0
690,L203,Issue254Test.java,src/test/java/org/mapdb/Issue254Test.java,L145,13,0,163,4,1,1302,0,0
691,L204,Issue258Test.java,src/test/java/org/mapdb/Issue258Test.java,L145,5,0,29,1,1,1302,1,0
692,L205,Issue265Test.java,src/test/java/org/mapdb/Issue265Test.java,L145,1,0,41,1,1,1302,1,0
693,L206,Issue266Test.java,src/test/java/org/mapdb/Issue266Test.java,L145,1,0,54,2,1,1302,1,0
694,L207,Issue308Test.java,src/test/java/org/mapdb/Issue308Test.java,L145,1,0,32,3,1,1302,1,0
695,L208,Issue312Test.java,src/test/java/org/mapdb/Issue312Test.java,L145,2,0,26,1,1,1302,1,0
696,L209,Issue321Test.java,src/test/java/org/mapdb/Issue321Test.java,L145,1,0,15,1,1,1302,1,0
697,L210,Issue332Test.java,src/test/java/org/mapdb/Issue332Test.java,L145,4,0,78,2,1,1302,1,0
698,L211,Issue353Test.java,src/test/java/org/mapdb/Issue353Test.java,L145,6,0,74,2,1,1302,1,0
699,L212,Issue37Test.java,src/test/java/org/mapdb/Issue37Test.java,L145,6,0,43,11,1,1302,0,0
700,L213,Issue381Test.java,src/test/java/org/mapdb/Issue381Test.java,L145,3,0,26,1,1,1302,1,0
701,L214,Issue400Test.java,src/test/java/org/mapdb/Issue400Test.java,L145,6,0,60,1,1,1302,1,0
702,L215,Issue418Test.java,src/test/java/org/mapdb/Issue418Test.java,L145,7,0,41,1,1,1302,1,0
703,L216,Issue419Test.java,src/test/java/org/mapdb/Issue419Test.java,L145,5,0,48,2,1,1302,2,0
704,L217,Issue41Test.java,src/test/java/org/mapdb/Issue41Test.java,L145,23,0,210,11,1,1302,0,0
705,L218,Issue440Test.java,src/test/java/org/mapdb/Issue440Test.java,L145,1,0,23,1,1,1302,0,0
706,L219,Issue69Test.java,src/test/java/org/mapdb/Issue69Test.java,L145,6,0,50,9,1,1302,0,0
707,L220,Issue77Test.java,src/test/java/org/mapdb/Issue77Test.java,L145,4,0,52,3,1,1302,0,0
708,L221,Issue78Test.java,src/test/java/org/mapdb/Issue78Test.java,L145,1,0,22,4,2,1302,0,0
709,L222,Issue86Test.java,src/test/java/org/mapdb/Issue86Test.java,L145,5,0,51,3,1,1302,0,0
710,L223,Issue89Test.java,src/test/java/org/mapdb/Issue89Test.java,L145,2,0,53,3,1,1302,1,0
711,L224,Issue90Test.java,src/test/java/org/mapdb/Issue90Test.java,L145,2,0,20,6,1,1302,2,0
712,L225,IssuesTest.java,src/test/java/org/mapdb/IssuesTest.java,L145,1,0,11,2,1,1302,0,0
713,L226,JSR166TestCase.java,src/test/java/org/mapdb/JSR166TestCase.java,L145,1,0,25,1,1,1302,0,0
714,L227,LongConcurrentHashMapTest.java,src/test/java/org/mapdb/LongConcurrentHashMapTest.java,L145,6,0,134,4,1,1302,0,0
715,L228,MapInterfaceTest.java,src/test/java/org/mapdb/MapInterfaceTest.java,L145,196,0,1334,7,2,1302,0,0
716,L229,MapListenerTest.java,src/test/java/org/mapdb/MapListenerTest.java,L145,16,0,44,5,1,1302,0,0
717,L230,Pump_InMemory_Import_Then_Save_To_Disk.java,src/test/java/org/mapdb/Pump_InMemory_Import_Then_Save_To_Disk.java,L145,1,0,8,5,1,1302,0,0
718,L231,PumpComparableValueTest.java,src/test/java/org/mapdb/PumpComparableValueTest.java,L145,1,0,71,2,1,1302,0,0
719,L232,PumpTest.java,src/test/java/org/mapdb/PumpTest.java,L145,42,0,296,22,1,1302,0,0
720,L233,QueuesTest.java,src/test/java/org/mapdb/QueuesTest.java,L145,3,0,110,11,1,1302,0,0
721,L234,Serialization2Bean.java,src/test/java/org/mapdb/Serialization2Bean.java,L145,32,0,88,1,1,1302,0,0
722,L235,Serialization2Test.java,src/test/java/org/mapdb/Serialization2Test.java,L145,1,0,70,11,1,1302,0,0
723,L236,Serialized2DerivedBean.java,src/test/java/org/mapdb/Serialized2DerivedBean.java,L145,28,0,63,1,1,1302,0,0
724,L237,SerializerBaseTest.java,src/test/java/org/mapdb/SerializerBaseTest.java,L145,50,0,587,42,1,1302,6,0
725,L238,SerializerPojoTest.java,src/test/java/org/mapdb/SerializerPojoTest.java,L145,27,0,288,22,2,1302,2,0
726,L239,SerializerTest.java,src/test/java/org/mapdb/SerializerTest.java,L145,1,0,39,8,1,1302,0,0
727,L240,StoreAppendTest.java,src/test/java/org/mapdb/StoreAppendTest.java,L145,1,0,16,15,1,1302,1,0
728,L241,StoreCachedTest.java,src/test/java/org/mapdb/StoreCachedTest.java,L145,1,0,21,3,1,1302,0,0
729,L242,StoreCacheHashTableTest.java,src/test/java/org/mapdb/StoreCacheHashTableTest.java,L145,1,0,28,2,1,1302,0,0
730,L243,StoreDirectTest.java,src/test/java/org/mapdb/StoreDirectTest.java,L145,28,0,323,42,1,1302,1,0
731,L244,StoreDirectTest2.java,src/test/java/org/mapdb/StoreDirectTest2.java,L145,13,0,184,8,1,1302,0,0
732,L245,StoreHeapTest.java,src/test/java/org/mapdb/StoreHeapTest.java,L145,1,0,9,5,1,1302,0,0
733,L246,StoreHeapTxTest.java,src/test/java/org/mapdb/StoreHeapTxTest.java,L145,1,0,9,3,1,1302,0,0
734,L247,StoreLongLongMapTest.java,src/test/java/org/mapdb/StoreLongLongMapTest.java,L145,10,0,53,1,1,1302,0,0
735,L248,StoreLongObjectMapTest.java,src/test/java/org/mapdb/StoreLongObjectMapTest.java,L145,10,0,53,1,1,1302,0,0
736,L249,StoreTest.java,src/test/java/org/mapdb/StoreTest.java,L145,2,0,37,2,1,1302,1,0
737,L250,StoreWALTest.java,src/test/java/org/mapdb/StoreWALTest.java,L145,3,0,74,28,1,1302,3,0
738,L251,TestTransactions.java,src/test/java/org/mapdb/TestTransactions.java,L145,5,0,91,2,1,1302,0,0
739,L252,TreeMapExtendTest.java,src/test/java/org/mapdb/TreeMapExtendTest.java,L145,1375,0,11297,3,1,1302,0,0
740,L253,TxEngineTest.java,src/test/java/org/mapdb/TxEngineTest.java,L145,1,0,78,12,1,1302,1,0
741,L254,TxMakerTest.java,src/test/java/org/mapdb/TxMakerTest.java,L145,21,0,204,15,1,1302,5,0
742,L255,UtilsTest.java,src/test/java/org/mapdb/UtilsTest.java,L145,7,0,107,14,1,1302,1,0
743,L256,VolumeTest.java,src/test/java/org/mapdb/VolumeTest.java,L145,15,0,224,33,1,1302,2,0
744,L17415,StoreDirectFreeSpaceTest.java,src/test/java/org/mapdb/StoreDirectFreeSpaceTest.java,L145,1,0,0,17,1,1302,2,0
745,L18707,btreemap_byte_array.java,src/test/java/doc/btreemap_byte_array.java,L18706,1,0,10,1,1,1302,0,0
746,L18708,btreemap_compressed.java,src/test/java/doc/btreemap_compressed.java,L18706,1,0,11,1,1,1302,0,0
747,L18709,btreemap_counter.java,src/test/java/doc/btreemap_counter.java,L18706,1,0,12,1,1,1302,0,0
748,L18710,btreemap_nodesize.java,src/test/java/doc/btreemap_nodesize.java,L18706,1,0,13,1,1,1302,0,0
749,L18711,btreemap_object_array.java,src/test/java/doc/btreemap_object_array.java,L18706,1,0,14,1,1,1302,0,0
750,L18712,btreemap_serializer.java,src/test/java/doc/btreemap_serializer.java,L18706,1,0,11,1,1,1302,0,0
751,L18713,cache_hardref.java,src/test/java/doc/cache_hardref.java,L18706,1,0,12,1,1,1302,0,0
752,L18714,cache_hash_table.java,src/test/java/doc/cache_hash_table.java,L18706,1,0,13,1,1,1302,0,0
753,L18715,cache_lru.java,src/test/java/doc/cache_lru.java,L18706,1,0,13,1,1,1302,0,0
754,L18716,cache_right_and_wrong.java,src/test/java/doc/cache_right_and_wrong.java,L18706,1,0,43,1,1,1302,0,0
755,L18717,cache_size.java,src/test/java/doc/cache_size.java,L18706,1,0,15,1,1,1302,0,0
756,L18718,cache_weak_soft.java,src/test/java/doc/cache_weak_soft.java,L18706,1,0,13,1,1,1302,0,0
757,L18719,concurrency_consistency_lock.java,src/test/java/doc/concurrency_consistency_lock.java,L18706,1,0,25,1,1,1302,0,0
758,L18720,concurrency_executor_async_write.java,src/test/java/doc/concurrency_executor_async_write.java,L18706,1,0,10,1,1,1302,0,0
759,L18721,concurrency_executor_cache.java,src/test/java/doc/concurrency_executor_cache.java,L18706,1,0,17,1,1,1302,0,0
760,L18722,concurrency_executor_compaction.java,src/test/java/doc/concurrency_executor_compaction.java,L18706,1,0,17,1,1,1302,0,0
761,L18723,concurrency_executor_custom.java,src/test/java/doc/concurrency_executor_custom.java,L18706,1,0,15,1,1,1302,0,0
762,L18724,concurrency_executor_global.java,src/test/java/doc/concurrency_executor_global.java,L18706,1,0,12,1,1,1302,0,0
763,L18725,concurrency_segment_locking.java,src/test/java/doc/concurrency_segment_locking.java,L18706,1,0,22,1,1,1302,0,0
764,L18726,dbmaker_atomicvar.java,src/test/java/doc/dbmaker_atomicvar.java,L18706,1,0,28,1,1,1302,0,0
765,L18727,dbmaker_basic_option.java,src/test/java/doc/dbmaker_basic_option.java,L18706,1,0,12,1,1,1302,0,0
766,L18728,dbmaker_basic_tx.java,src/test/java/doc/dbmaker_basic_tx.java,L18706,1,0,20,1,1,1302,0,0
767,L18729,dbmaker_treeset.java,src/test/java/doc/dbmaker_treeset.java,L18706,1,0,13,1,1,1302,0,0
768,L18730,dbmaker_treeset_create.java,src/test/java/doc/dbmaker_treeset_create.java,L18706,1,0,18,1,1,1302,0,0
769,L18731,dbmaker_txmaker_basic.java,src/test/java/doc/dbmaker_txmaker_basic.java,L18706,1,0,23,2,1,1302,0,0
770,L18732,dbmaker_txmaker_create.java,src/test/java/doc/dbmaker_txmaker_create.java,L18706,1,0,12,1,1,1302,0,0
771,L18733,durability_transaction_disable.java,src/test/java/doc/durability_transaction_disable.java,L18706,1,0,12,1,1,1302,0,0
772,L18734,htreemap_byte_array.java,src/test/java/doc/htreemap_byte_array.java,L18706,1,0,13,1,1,1302,0,0
773,L18735,htreemap_cache_size_limit.java,src/test/java/doc/htreemap_cache_size_limit.java,L18706,1,0,13,1,1,1302,0,0
774,L18736,htreemap_cache_space_limit.java,src/test/java/doc/htreemap_cache_space_limit.java,L18706,1,0,13,1,1,1302,0,0
775,L18737,htreemap_cache_space_limit2.java,src/test/java/doc/htreemap_cache_space_limit2.java,L18706,1,0,13,1,1,1302,0,0
776,L18738,htreemap_cache_ttl_limit.java,src/test/java/doc/htreemap_cache_ttl_limit.java,L18706,1,0,14,1,1,1302,0,0
777,L18739,htreemap_compressed.java,src/test/java/doc/htreemap_compressed.java,L18706,1,0,13,2,1,1302,0,0
778,L18740,htreemap_counter.java,src/test/java/doc/htreemap_counter.java,L18706,1,0,13,1,1,1302,0,0
779,L18741,htreemap_overflow_get.java,src/test/java/doc/htreemap_overflow_get.java,L18706,1,0,31,1,1,1302,0,0
780,L18742,htreemap_overflow_init.java,src/test/java/doc/htreemap_overflow_init.java,L18706,1,0,29,1,1,1302,0,0
781,L18743,htreemap_overflow_main_inmemory.java,src/test/java/doc/htreemap_overflow_main_inmemory.java,L18706,1,0,30,1,1,1302,0,0
782,L18744,htreemap_overflow_main_ondisk.java,src/test/java/doc/htreemap_overflow_main_ondisk.java,L18706,1,0,32,1,1,1302,0,0
783,L18745,htreemap_overflow_remove.java,src/test/java/doc/htreemap_overflow_remove.java,L18706,1,0,29,1,1,1302,0,0
784,L18746,htreemap_overflow_update.java,src/test/java/doc/htreemap_overflow_update.java,L18706,1,0,30,1,1,1302,0,0
785,L18747,htreemap_segmented.java,src/test/java/doc/htreemap_segmented.java,L18706,1,0,13,1,1,1302,0,0
786,L18748,htreemap_serializer.java,src/test/java/doc/htreemap_serializer.java,L18706,1,0,11,1,1,1302,0,0
787,L18749,htreemap_value_creator.java,src/test/java/doc/htreemap_value_creator.java,L18706,1,0,18,1,1,1302,0,0
788,L18750,start_advanced.java,src/test/java/doc/start_advanced.java,L18706,1,0,20,1,1,1302,0,0
789,L18751,start_hello_world.java,src/test/java/doc/start_hello_world.java,L18706,1,0,11,1,1,1302,0,0
790,L19013,_HelloWorld.java,src/test/java/examples/_HelloWorld.java,L19012,1,0,22,4,1,1302,0,0
791,L19014,_TempMap.java,src/test/java/examples/_TempMap.java,L19012,1,0,11,3,1,1302,0,0
792,L19015,Bidi_Map.java,src/test/java/examples/Bidi_Map.java,L19012,2,0,21,10,2,1302,0,0
793,L19016,CacheEntryExpiry.java,src/test/java/examples/CacheEntryExpiry.java,L19012,3,0,35,9,1,1302,0,0
794,L19017,CacheOffHeap.java,src/test/java/examples/CacheOffHeap.java,L19012,3,0,24,3,1,1302,0,0
795,L19018,CacheOffHeapAdvanced.java,src/test/java/examples/CacheOffHeapAdvanced.java,L19012,3,0,32,6,1,1302,0,0
796,L19019,CacheOverflow.java,src/test/java/examples/CacheOverflow.java,L19012,1,0,41,2,1,1302,0,0
797,L19020,Compression.java,src/test/java/examples/Compression.java,L19012,1,0,22,12,1,1302,0,0
798,L19021,Custom_Value.java,src/test/java/examples/Custom_Value.java,L19012,8,0,67,16,2,1302,0,0
799,L19022,Histogram.java,src/test/java/examples/Histogram.java,L19012,5,0,26,2,1,1302,0,0
800,L19023,Huge_Insert.java,src/test/java/examples/Huge_Insert.java,L19012,2,0,58,14,1,1302,0,0
801,L19024,Lazily_Loaded_Records.java,src/test/java/examples/Lazily_Loaded_Records.java,L19012,1,0,21,8,1,1302,0,0
802,L19025,Map_Size_Counter.java,src/test/java/examples/Map_Size_Counter.java,L19012,1,0,22,9,1,1302,0,0
803,L19026,MultiMap.java,src/test/java/examples/MultiMap.java,L19012,2,0,25,11,1,1302,0,0
804,L19027,Secondary_Key.java,src/test/java/examples/Secondary_Key.java,L19012,1,0,25,8,2,1302,0,0
805,L19028,Secondary_Map.java,src/test/java/examples/Secondary_Map.java,L19012,1,0,21,5,1,1302,0,0
806,L19029,Secondary_Values.java,src/test/java/examples/Secondary_Values.java,L19012,2,0,36,6,1,1302,0,0
807,L19030,SQL_Auto_Incremental_Unique_Key.java,src/test/java/examples/SQL_Auto_Incremental_Unique_Key.java,L19012,1,0,16,4,1,1302,0,0
808,L19031,Transactions.java,src/test/java/examples/Transactions.java,L19012,3,0,46,6,1,1302,0,0
809,L19032,Transactions2.java,src/test/java/examples/Transactions2.java,L19012,1,0,19,3,1,1302,0,0
810,L19033,TreeMap_Composite_Key.java,src/test/java/examples/TreeMap_Composite_Key.java,L19012,1,0,13,10,2,1302,0,0
811,L19034,TreeMap_Performance_Tunning.java,src/test/java/examples/TreeMap_Performance_Tunning.java,L19012,6,0,48,11,1,1302,0,0
812,L111,Atomic.java,src/main/java/org/mapdb/Atomic.java,L110,36,0,304,14,1,1302,1,0
813,L112,Bind.java,src/main/java/org/mapdb/Bind.java,L110,70,0,302,29,2,1302,0,0
814,L113,BTreeKeySerializer.java,src/main/java/org/mapdb/BTreeKeySerializer.java,L110,219,0,1565,50,1,1302,2,0
815,L114,BTreeMap.java,src/main/java/org/mapdb/BTreeMap.java,L110,551,0,2549,159,4,1302,9,0
816,L115,CC.java,src/main/java/org/mapdb/CC.java,L110,1,0,24,50,2,1302,1,0
817,L116,CompressLZF.java,src/main/java/org/mapdb/CompressLZF.java,L110,41,0,182,18,1,1302,3,0
818,L117,DataIO.java,src/main/java/org/mapdb/DataIO.java,L110,60,0,780,37,2,1302,0,0
819,L118,DB.java,src/main/java/org/mapdb/DB.java,L110,229,0,1656,147,5,1302,8,0
820,L119,DBException.java,src/main/java/org/mapdb/DBException.java,L110,2,0,107,10,1,1302,0,0
821,L120,DBMaker.java,src/main/java/org/mapdb/DBMaker.java,L110,64,0,678,159,3,1302,8,0
822,L121,EncryptionXTEA.java,src/main/java/org/mapdb/EncryptionXTEA.java,L110,14,0,168,15,1,1302,0,0
823,L122,Engine.java,src/main/java/org/mapdb/Engine.java,L110,4,0,265,43,2,1302,2,0
824,L123,Fun.java,src/main/java/org/mapdb/Fun.java,L110,59,0,310,42,1,1302,1,0
825,L124,HTreeMap.java,src/main/java/org/mapdb/HTreeMap.java,L110,327,0,1662,119,3,1302,4,0
826,L125,LongConcurrentHashMap.java,src/main/java/org/mapdb/LongConcurrentHashMap.java,L110,104,0,530,17,2,1302,0,0
827,L126,Pump.java,src/main/java/org/mapdb/Pump.java,L110,81,0,539,51,1,1302,3,0
828,L127,Queues.java,src/main/java/org/mapdb/Queues.java,L110,29,0,313,27,2,1302,1,0
829,L128,Serializer.java,src/main/java/org/mapdb/Serializer.java,L110,86,0,1304,57,2,1302,0,0
830,L129,SerializerBase.java,src/main/java/org/mapdb/SerializerBase.java,L110,220,0,1674,93,1,1302,5,0
831,L130,SerializerPojo.java,src/main/java/org/mapdb/SerializerPojo.java,L110,99,0,495,63,4,1302,3,0
832,L131,Store.java,src/main/java/org/mapdb/Store.java,L110,286,0,1528,82,2,1302,4,0
833,L132,StoreAppend.java,src/main/java/org/mapdb/StoreAppend.java,L110,65,0,444,76,1,1302,6,0
834,L133,StoreCached.java,src/main/java/org/mapdb/StoreCached.java,L110,83,0,339,27,1,1302,1,0
835,L134,StoreDirect.java,src/main/java/org/mapdb/StoreDirect.java,L110,256,0,1028,151,4,1302,11,0
836,L135,StoreHeap.java,src/main/java/org/mapdb/StoreHeap.java,L110,48,0,330,44,1,1302,0,0
837,L136,StoreWAL.java,src/main/java/org/mapdb/StoreWAL.java,L110,230,0,1051,130,2,1302,15,0
838,L138,TxEngine.java,src/main/java/org/mapdb/TxEngine.java,L110,70,0,502,42,1,1302,3,0
839,L139,TxMaker.java,src/main/java/org/mapdb/TxMaker.java,L110,13,0,57,35,1,1302,4,0
840,L141,UnsafeStuff.java,src/main/java/org/mapdb/UnsafeStuff.java,L110,28,0,433,5,1,1302,1,0
841,L142,Volume.java,src/main/java/org/mapdb/Volume.java,L110,199,0,1523,115,4,1302,15,0
842,L147,AsyncWriteEngineTest.java,src/test/java/org/mapdb/AsyncWriteEngineTest.java,L146,1,0,12,31,1,1302,0,0
843,L148,AtomicBooleanTest.java,src/test/java/org/mapdb/AtomicBooleanTest.java,L146,2,0,61,13,1,1302,0,0
844,L149,AtomicIntegerTest.java,src/test/java/org/mapdb/AtomicIntegerTest.java,L146,6,0,119,11,1,1302,0,0
845,L150,AtomicLongTest.java,src/test/java/org/mapdb/AtomicLongTest.java,L146,6,0,131,12,1,1302,0,0
846,L151,BindTest.java,src/test/java/org/mapdb/BindTest.java,L146,12,0,162,11,1,1302,1,0
847,L152,BrokenDBTest.java,src/test/java/org/mapdb/BrokenDBTest.java,L146,10,0,90,21,1,1302,2,0
848,L153,BTreeKeySerializerTest.java,src/test/java/org/mapdb/BTreeKeySerializerTest.java,L146,20,0,367,23,1,1302,0,0
849,L154,BTreeMapContainsKeyTest.java,src/test/java/org/mapdb/BTreeMapContainsKeyTest.java,L146,1,0,49,18,2,1302,1,0
850,L155,BTreeMapExtendTest.java,src/test/java/org/mapdb/BTreeMapExtendTest.java,L146,811,0,6258,10,1,1302,0,0
851,L156,BTreeMapLargeValsTest.java,src/test/java/org/mapdb/BTreeMapLargeValsTest.java,L146,2,0,52,30,1,1302,1,0
852,L157,BTreeMapNavigable2Test.java,src/test/java/org/mapdb/BTreeMapNavigable2Test.java,L146,12,0,399,15,2,1302,0,0
853,L158,BTreeMapNavigableSubMapExclusiveTest.java,src/test/java/org/mapdb/BTreeMapNavigableSubMapExclusiveTest.java,L146,1,0,22,9,2,1302,0,0
854,L159,BTreeMapNavigableSubMapInclusiveTest.java,src/test/java/org/mapdb/BTreeMapNavigableSubMapInclusiveTest.java,L146,1,0,19,9,2,1302,0,0
855,L160,BTreeMapNavigableTest.java,src/test/java/org/mapdb/BTreeMapNavigableTest.java,L146,1,0,255,12,1,1302,0,0
856,L161,BTreeMapParTest.java,src/test/java/org/mapdb/BTreeMapParTest.java,L146,2,0,30,6,1,1302,0,0
857,L162,BTreeMapSubSetTest.java,src/test/java/org/mapdb/BTreeMapSubSetTest.java,L146,47,0,579,12,1,1302,0,0
858,L163,BTreeMapTest.java,src/test/java/org/mapdb/BTreeMapTest.java,L146,53,0,503,76,2,1302,3,0
859,L164,BTreeMapTest2.java,src/test/java/org/mapdb/BTreeMapTest2.java,L146,2,0,50,30,1,1302,1,0
860,L165,BTreeMapTest3.java,src/test/java/org/mapdb/BTreeMapTest3.java,L146,30,0,218,9,1,1302,0,0
861,L166,BTreeMapTest4.java,src/test/java/org/mapdb/BTreeMapTest4.java,L146,122,0,1416,17,1,1302,0,0
862,L167,BTreeMapTest5.java,src/test/java/org/mapdb/BTreeMapTest5.java,L146,47,0,983,12,1,1302,0,0
863,L168,BTreeMapTest6.java,src/test/java/org/mapdb/BTreeMapTest6.java,L146,111,0,927,12,1,1302,0,0
864,L169,BTreeSet2Test.java,src/test/java/org/mapdb/BTreeSet2Test.java,L146,98,0,685,14,1,1302,0,0
865,L170,BTreeSet3Test.java,src/test/java/org/mapdb/BTreeSet3Test.java,L146,51,0,775,9,1,1302,0,0
866,L171,BTreeSetTest.java,src/test/java/org/mapdb/BTreeSetTest.java,L146,1,0,14,17,2,1302,0,0
867,L172,CacheWeakSoftRefTest.java,src/test/java/org/mapdb/CacheWeakSoftRefTest.java,L146,1,0,7,10,1,1302,0,0
868,L173,CCTest.java,src/test/java/org/mapdb/CCTest.java,L146,1,0,9,4,1,1302,0,0
869,L174,ClosedThrowsExceptionTest.java,src/test/java/org/mapdb/ClosedThrowsExceptionTest.java,L146,1,0,122,11,1,1302,0,0
870,L175,CompressTest.java,src/test/java/org/mapdb/CompressTest.java,L146,1,0,51,27,1,1302,0,0
871,L176,ConcurrentMapInterfaceTest.java,src/test/java/org/mapdb/ConcurrentMapInterfaceTest.java,L146,110,0,686,4,1,1302,0,0
872,L177,DataIOTest.java,src/test/java/org/mapdb/DataIOTest.java,L146,12,0,111,11,1,1302,0,0
873,L178,DataOutput2Test.java,src/test/java/org/mapdb/DataOutput2Test.java,L146,1,0,25,3,1,1302,0,0
874,L179,DBHeaderTest.java,src/test/java/org/mapdb/DBHeaderTest.java,L146,8,0,151,2,1,1302,0,0
875,L180,DBMakerTest.java,src/test/java/org/mapdb/DBMakerTest.java,L146,7,0,472,64,1,1302,2,0
876,L181,DBTest.java,src/test/java/org/mapdb/DBTest.java,L146,8,0,414,27,1,1302,3,0
877,L182,EngineTest.java,src/test/java/org/mapdb/EngineTest.java,L146,35,0,542,29,1,1302,1,0
878,L183,ExamplesTest.java,src/test/java/org/mapdb/ExamplesTest.java,L146,1,0,67,11,1,1302,0,0
879,L184,Exec.java,src/test/java/org/mapdb/Exec.java,L146,6,0,38,2,1,1302,0,0
880,L185,FunTest.java,src/test/java/org/mapdb/FunTest.java,L146,17,0,71,6,1,1302,0,0
881,L186,HTreeMap2Test.java,src/test/java/org/mapdb/HTreeMap2Test.java,L146,84,0,788,71,1,1302,1,0
882,L187,HTreeMap3Test.java,src/test/java/org/mapdb/HTreeMap3Test.java,L146,2,0,53,34,1,1302,1,0
883,L188,HTreeSetTest.java,src/test/java/org/mapdb/HTreeSetTest.java,L146,3,0,102,40,1,1302,1,0
884,L189,Issue112Test.java,src/test/java/org/mapdb/Issue112Test.java,L146,1,0,16,5,1,1302,1,0
885,L190,Issue114Test.java,src/test/java/org/mapdb/Issue114Test.java,L146,1,0,10,5,1,1302,0,0
886,L191,Issue132Test.java,src/test/java/org/mapdb/Issue132Test.java,L146,9,0,71,9,1,1302,2,0
887,L192,Issue148Test.java,src/test/java/org/mapdb/Issue148Test.java,L146,12,0,120,12,1,1302,1,0
888,L193,Issue150Test.java,src/test/java/org/mapdb/Issue150Test.java,L146,12,0,87,8,1,1302,0,0
889,L194,Issue154Test.java,src/test/java/org/mapdb/Issue154Test.java,L146,1,0,55,6,1,1302,0,0
890,L195,Issue157Test.java,src/test/java/org/mapdb/Issue157Test.java,L146,5,0,33,6,1,1302,0,0
891,L196,Issue162Test.java,src/test/java/org/mapdb/Issue162Test.java,L146,5,0,88,9,1,1302,0,0
892,L197,Issue164Test.java,src/test/java/org/mapdb/Issue164Test.java,L146,7,0,91,4,1,1302,0,0
893,L198,Issue170Test.java,src/test/java/org/mapdb/Issue170Test.java,L146,2,0,17,5,1,1302,1,0
894,L199,Issue183Test.java,src/test/java/org/mapdb/Issue183Test.java,L146,1,0,48,8,1,1302,0,0
895,L200,Issue198Test.java,src/test/java/org/mapdb/Issue198Test.java,L146,2,0,14,6,1,1302,2,0
896,L201,Issue237Test.java,src/test/java/org/mapdb/Issue237Test.java,L146,1,0,31,5,1,1302,1,0
897,L202,Issue241.java,src/test/java/org/mapdb/Issue241.java,L146,1,0,44,6,1,1302,0,0
898,L203,Issue247Test.java,src/test/java/org/mapdb/Issue247Test.java,L146,1,0,25,6,1,1302,0,0
899,L204,Issue249Test.java,src/test/java/org/mapdb/Issue249Test.java,L146,6,0,82,6,1,1302,0,0
900,L205,Issue254Test.java,src/test/java/org/mapdb/Issue254Test.java,L146,13,0,163,6,1,1302,0,0
901,L206,Issue258Test.java,src/test/java/org/mapdb/Issue258Test.java,L146,12,0,88,3,1,1302,1,0
902,L207,Issue265Test.java,src/test/java/org/mapdb/Issue265Test.java,L146,1,0,32,6,1,1302,1,0
903,L208,Issue266Test.java,src/test/java/org/mapdb/Issue266Test.java,L146,1,0,54,4,1,1302,1,0
904,L209,Issue308Test.java,src/test/java/org/mapdb/Issue308Test.java,L146,1,0,32,5,1,1302,1,0
905,L210,Issue312Test.java,src/test/java/org/mapdb/Issue312Test.java,L146,2,0,26,3,1,1302,1,0
906,L211,Issue321Test.java,src/test/java/org/mapdb/Issue321Test.java,L146,1,0,15,3,1,1302,1,0
907,L212,Issue332Test.java,src/test/java/org/mapdb/Issue332Test.java,L146,4,0,78,5,1,1302,1,0
908,L213,Issue353Test.java,src/test/java/org/mapdb/Issue353Test.java,L146,6,0,70,4,1,1302,1,0
909,L214,Issue37Test.java,src/test/java/org/mapdb/Issue37Test.java,L146,6,0,43,13,1,1302,0,0
910,L215,Issue381Test.java,src/test/java/org/mapdb/Issue381Test.java,L146,3,0,25,4,1,1302,1,0
911,L216,Issue400Test.java,src/test/java/org/mapdb/Issue400Test.java,L146,6,0,62,4,1,1302,1,0
912,L217,Issue418Test.java,src/test/java/org/mapdb/Issue418Test.java,L146,7,0,42,5,1,1302,2,0
913,L218,Issue419Test.java,src/test/java/org/mapdb/Issue419Test.java,L146,5,0,48,4,1,1302,2,0
914,L219,Issue41Test.java,src/test/java/org/mapdb/Issue41Test.java,L146,23,0,210,14,1,1302,0,0
915,L220,Issue440Test.java,src/test/java/org/mapdb/Issue440Test.java,L146,1,0,23,3,1,1302,0,0
916,L221,Issue517Test.java,src/test/java/org/mapdb/Issue517Test.java,L146,2,0,26,1,1,1302,1,0
917,L222,Issue523Test.java,src/test/java/org/mapdb/Issue523Test.java,L146,3,0,32,1,1,1302,1,0
918,L223,Issue69Test.java,src/test/java/org/mapdb/Issue69Test.java,L146,6,0,50,12,1,1302,0,0
919,L224,Issue77Test.java,src/test/java/org/mapdb/Issue77Test.java,L146,4,0,52,6,1,1302,0,0
920,L225,Issue78Test.java,src/test/java/org/mapdb/Issue78Test.java,L146,1,0,22,7,2,1302,0,0
921,L226,Issue86Test.java,src/test/java/org/mapdb/Issue86Test.java,L146,5,0,51,6,1,1302,0,0
922,L227,Issue89Test.java,src/test/java/org/mapdb/Issue89Test.java,L146,2,0,52,6,1,1302,1,0
923,L228,Issue90Test.java,src/test/java/org/mapdb/Issue90Test.java,L146,2,0,19,9,1,1302,2,0
924,L229,IssuesTest.java,src/test/java/org/mapdb/IssuesTest.java,L146,1,0,11,4,1,1302,0,0
925,L230,JSR166TestCase.java,src/test/java/org/mapdb/JSR166TestCase.java,L146,1,0,25,2,1,1302,0,0
926,L231,LongConcurrentHashMapTest.java,src/test/java/org/mapdb/LongConcurrentHashMapTest.java,L146,6,0,134,5,1,1302,0,0
927,L232,MapInterfaceTest.java,src/test/java/org/mapdb/MapInterfaceTest.java,L146,196,0,1334,8,2,1302,0,0
928,L233,MapListenerTest.java,src/test/java/org/mapdb/MapListenerTest.java,L146,16,0,44,8,1,1302,0,0
929,L234,MemoryBarrierLessLockTest.java,src/test/java/org/mapdb/MemoryBarrierLessLockTest.java,L146,2,0,37,1,1,1302,0,0
930,L235,Pump_InMemory_Import_Then_Save_To_Disk.java,src/test/java/org/mapdb/Pump_InMemory_Import_Then_Save_To_Disk.java,L146,1,0,8,7,1,1302,0,0
931,L236,PumpComparableValueTest.java,src/test/java/org/mapdb/PumpComparableValueTest.java,L146,1,0,72,7,1,1302,0,0
932,L237,PumpTest.java,src/test/java/org/mapdb/PumpTest.java,L146,51,0,424,29,1,1302,0,0
933,L238,QueuesTest.java,src/test/java/org/mapdb/QueuesTest.java,L146,3,0,110,14,1,1302,0,0
934,L239,Serialization2Bean.java,src/test/java/org/mapdb/Serialization2Bean.java,L146,32,0,88,1,1,1302,0,0
935,L240,Serialization2Test.java,src/test/java/org/mapdb/Serialization2Test.java,L146,1,0,68,15,1,1302,0,0
936,L241,Serialized2DerivedBean.java,src/test/java/org/mapdb/Serialized2DerivedBean.java,L146,28,0,63,1,1,1302,0,0
937,L242,SerializerBaseTest.java,src/test/java/org/mapdb/SerializerBaseTest.java,L146,50,0,587,45,1,1302,6,0
938,L243,SerializerPojoTest.java,src/test/java/org/mapdb/SerializerPojoTest.java,L146,27,0,288,26,2,1302,2,0
939,L244,SerializerTest.java,src/test/java/org/mapdb/SerializerTest.java,L146,5,0,75,10,1,1302,0,0
940,L245,StoreAppendTest.java,src/test/java/org/mapdb/StoreAppendTest.java,L146,1,0,16,15,1,1302,1,0
941,L246,StoreCachedTest.java,src/test/java/org/mapdb/StoreCachedTest.java,L146,6,0,78,8,1,1302,1,0
942,L247,StoreCacheHashTableTest.java,src/test/java/org/mapdb/StoreCacheHashTableTest.java,L146,1,0,30,5,1,1302,0,0
943,L248,StoreDirectTest.java,src/test/java/org/mapdb/StoreDirectTest.java,L146,35,0,409,51,1,1302,2,0
944,L249,StoreDirectTest2.java,src/test/java/org/mapdb/StoreDirectTest2.java,L146,28,0,291,14,1,1302,0,0
945,L250,StoreHeapTest.java,src/test/java/org/mapdb/StoreHeapTest.java,L146,1,0,15,6,1,1302,0,0
946,L251,StoreHeapTxTest.java,src/test/java/org/mapdb/StoreHeapTxTest.java,L146,1,0,9,4,1,1302,0,0
947,L252,StoreLongLongMapTest.java,src/test/java/org/mapdb/StoreLongLongMapTest.java,L146,10,0,53,1,1,1302,0,0
948,L253,StoreLongObjectMapTest.java,src/test/java/org/mapdb/StoreLongObjectMapTest.java,L146,10,0,53,1,1,1302,0,0
949,L254,StoreTest.java,src/test/java/org/mapdb/StoreTest.java,L146,2,0,35,5,1,1302,1,0
950,L255,StoreWALTest.java,src/test/java/org/mapdb/StoreWALTest.java,L146,15,0,215,36,1,1302,4,0
951,L256,TestTransactions.java,src/test/java/org/mapdb/TestTransactions.java,L146,5,0,91,5,1,1302,0,0
952,L257,TreeMapExtendTest.java,src/test/java/org/mapdb/TreeMapExtendTest.java,L146,1375,0,11297,3,1,1302,0,0
953,L258,TxEngineTest.java,src/test/java/org/mapdb/TxEngineTest.java,L146,1,0,78,14,1,1302,1,0
954,L259,TxMakerTest.java,src/test/java/org/mapdb/TxMakerTest.java,L146,21,0,264,19,1,1302,5,0
955,L260,UnsafeStuffTest.java,src/test/java/org/mapdb/UnsafeStuffTest.java,L146,1,0,19,1,1,1302,0,0
956,L261,UtilsTest.java,src/test/java/org/mapdb/UtilsTest.java,L146,9,0,126,19,1,1302,1,0
957,L262,VolumeTest.java,src/test/java/org/mapdb/VolumeTest.java,L146,15,0,226,41,1,1302,2,0
958,L19271,StoreDirectFreeSpaceTest.java,src/test/java/org/mapdb/StoreDirectFreeSpaceTest.java,L146,1,0,0,19,1,1302,2,0
